<?xml version="1.0" encoding="UTF-8"?>
<fm:structure xmlns:fm="http://www.hyfinity.com/formmaker">
	<form_details xmlns="http://www.hyfinity.com/formmaker">
		<error_highlight_method alert="false" as_you_type="true" validation_mode="all">bubble</error_highlight_method>
		<hint_display_method>tooltip</hint_display_method>
		<top_level_message class="topLevelMessage" required="false" style="" />
		<mark_mandatory class="mandatory" location="after_label" required="true" style=""> * </mark_mandatory>
		<description>Enter a description.</description>
		<page_background_style class="" style="" />
		<page_content_style class="" style="" />
		<page_events>
			<events>
				<event id="onload">
					<action id="CustomScript">
						<param name="Script" option="Script">aptStaffApp.init();</param>
					</action>
				</event>
				<event id="onbeforeload">
					<action id="FunctionCall">
						<param name="Function" option="Static" value="require" />
						<param name="Parameters" option="Script" value="[&quot;dijit/form/NumberTextBox&quot;]" />
					</action>
				</event>
			</events>
		</page_events>
		<external_events />
	</form_details>
	<fm:group border_styling="false" compatability="false" fieldset="false" gen_method="layout" hide="false" label_position="left" name="staffing_approval" submit_if_hidden="true">
		<label class="label" options="static" position="outside_group" position_override="top" required="false" style="" type="static" value="Layout Group" xmlns="http://www.hyfinity.com/formmaker">
			<container class="groupLabelBackground" options="static" style="" />
		</label>
		<style class="" options="static" style="" xmlns="http://www.hyfinity.com/formmaker" />
		<fm:content_alignment distribution="vertical" halign="left" valign="top" />
		<fm:sizing height="fit_to_content" width="fully_expand" />
		<palette_ref control="Layout Group" xmlns="http://www.hyfinity.com/formmaker" />
		<fm:group border_styling="false" compatability="false" conditional_display="false" control_field="" control_field_value="" fieldset="false" gen_method="layout" hide="false" label_position="left" name="layout_group" submit_if_hidden="true">
			<label class="label" options="static" position="outside_group" position_override="top" required="false" style="" type="static" value="Layout Group" xmlns="http://www.hyfinity.com/formmaker">
				<container class="groupLabelBackground" options="static" style="" />
			</label>
			<style class="" options="static" style="" xmlns="http://www.hyfinity.com/formmaker" />
			<fm:content_alignment distribution="vertical" halign="left" valign="top" />
			<fm:sizing height="fit_to_content" width="fully_expand" />
			<palette_ref control="Layout Group" xmlns="http://www.hyfinity.com/formmaker" />
			<fm:custom name="appError" type="custom">
				<fm:code>
					<div class="customControl" xmlns="">
						<p id="reqmsg-tab3" tabindex="0">Items marked with a * are required.</p>
						<p id="errcnt-tab3"></p>
						<ul id="errlist-tab3" />
					</div>
				</fm:code>
				<fm:description>Enter a description.</fm:description>
				<palette_ref control="Custom" xmlns="http://www.hyfinity.com/formmaker" />
			</fm:custom>
		</fm:group>
		<fm:group border_styling="false" compatability="false" fieldset="false" gen_method="grid" hide="false" label_position="left" name="STAFF_APP_GRD" submit_if_hidden="true">
			<label class="label" options="static" position="outside_group" position_override="top" required="true" style="" type="static" value="Staffing Approval" xmlns="http://www.hyfinity.com/formmaker">
				<container class="groupLabelBackground" options="static" style="">
					<content_alignment distribution="vertical" halign="left" valign="middle" />
					<sizing height="custom" width="fully_expand" />
				</container>
			</label>
			<style class="" options="static" style="" xmlns="http://www.hyfinity.com/formmaker" />
			<fm:grid_structure cols="1" rows="8">
				<fm:grid_component col="1" name="REQ_INFO_ROW_1" row="1" />
				<grid_component col="1" name="STAFF_APP_ROW_1" row="2" xmlns="http://www.hyfinity.com/formmaker" />
				<grid_component col="1" name="STAFF_APP_ROW_2" row="3" xmlns="http://www.hyfinity.com/formmaker" />
				<grid_component col="1" name="STAFF_APP_ROW_6" row="5" xmlns="http://www.hyfinity.com/formmaker" />
				<grid_component col="1" name="STAFF_APP_ROW_7" row="6" xmlns="http://www.hyfinity.com/formmaker" />
				<grid_component col="1" name="STAFF_APP_ROW_8" row="4" xmlns="http://www.hyfinity.com/formmaker" />
			</fm:grid_structure>
			<fm:palette_ref control="One Column" />
			<fm:sizing height="fit_to_content" width="fully_expand" />
			<fm:group border_styling="false" compatability="false" fieldset="false" gen_method="layout" hide="false" label_position="top" name="REQ_INFO_ROW_1" submit_if_hidden="true">
				<label class="label" options="static" position="outside_group" position_override="top" required="false" style="" type="static" value="Container Group" xmlns="http://www.hyfinity.com/formmaker">
					<container class="groupLabelBackground" options="static" style="" />
				</label>
				<style class="" options="static" style="width:100%;" xmlns="http://www.hyfinity.com/formmaker" />
				<fm:palette_ref control="Layout Group" />
				<fm:content_alignment distribution="horizontal" halign="left" valign="top" />
				<fm:sizing height="fit_to_content" width="custom" />
			</fm:group>
			<content_alignment distribution="vertical" halign="left" valign="top" xmlns="http://www.hyfinity.com/formmaker" />
			<fm:group border_styling="false" compatability="false" fieldset="false" gen_method="layout" hide="false" label_position="top" name="STAFF_APP_ROW_1" submit_if_hidden="true">
				<label class="label" options="static" position="outside_group" position_override="top" required="false" style="" type="static" value="Container Group" xmlns="http://www.hyfinity.com/formmaker">
					<container class="groupLabelBackground" options="static" style="" />
				</label>
				<style class="" options="static" style="width:100%;" xmlns="http://www.hyfinity.com/formmaker" />
				<fm:palette_ref control="Layout Group" />
				<fm:content_alignment distribution="horizontal" halign="left" valign="bottom" />
				<fm:sizing height="fit_to_content" width="custom" />
				<fm:element disable="false" disable_method="disabled" generate="true" hide="false" name="RETROACTIVE">
					<field xmlns="http://www.hyfinity.com/formmaker">
						<input dropdown_default="Select One" options="static">select</input>
						<style class="defaultBackground selectControl" options="static" style="" />
						<element_style class="select" options="static" style="" />
						<date_picker class="" content="" required="false" type="normal" />
						<label class="label" options="static" required="true" style="" type="static" value="If this is a retroactive action, is the approval by the CSO Deputy/Director included with this package?">
							<container class="labelBackground labelControl" options="static">
								<sizing width="fit_to_content" />
							</container>
						</label>
						<container>
							<sizing width="fit_to_content" />
						</container>
					</field>
					<constraints validate="true" xmlns="http://www.hyfinity.com/formmaker">
						<type>string</type>
						<required>true</required>
						<enumeration use_for_output="false">
							<include value="Yes">Yes</include>
							<include value="No">No</include>
							<include value="N/A">N/A</include>
						</enumeration>
					</constraints>
					<error xmlns="http://www.hyfinity.com/formmaker">
						<hint class="hintIcon" style="" use="false">Enter a hint here.</hint>
						<server class="errorIcon" retain="false" style="" use="false" />
						<message_override>Please select a value for the Retroactive Action field.</message_override>
					</error>
					<palette_ref control="Select Box" xmlns="http://www.hyfinity.com/formmaker" />
					<accessibility xmlns="http://www.hyfinity.com/formmaker">
						<alt>Select a value regarding Retroactive Action and Approval.</alt>
					</accessibility>
				</fm:element>
			</fm:group>
			<fm:group border_styling="false" compatability="false" fieldset="false" gen_method="layout" hide="false" label_position="top" name="STAFF_APP_ROW_2" submit_if_hidden="true">
				<label class="label" options="static" position="outside_group" position_override="top" required="false" style="" type="static" value="Container Group" xmlns="http://www.hyfinity.com/formmaker">
					<container class="groupLabelBackground" options="static" style="" />
				</label>
				<style class="" options="static" style="width:100%;" xmlns="http://www.hyfinity.com/formmaker" />
				<fm:palette_ref control="Layout Group" />
				<fm:content_alignment distribution="horizontal" halign="left" valign="top" />
				<fm:sizing height="fit_to_content" width="custom" />
				<fm:element disable="false" disable_method="read_only" generate="true" hide="false" name="RETRO_MEMO_DATE">
					<field xmlns="http://www.hyfinity.com/formmaker">
						<input options="dynamic" size="10">text</input>
						<style class="defaultBackground dateControl" options="static" style="" />
						<element_style class="textbox" options="static" style="" />
						<date_picker class="datePickerIcon" content="" required="true" type="normal" />
						<label class="label" options="static" required="true" style="" type="static" value="Date Memo Signed">
							<container class="labelBackground labelControl" options="static" />
						</label>
						<container />
					</field>
					<constraints validate="true" xmlns="http://www.hyfinity.com/formmaker">
						<type>date</type>
						<required>true</required>
						<enumeration use_for_output="false" />
					</constraints>
					<error xmlns="http://www.hyfinity.com/formmaker">
						<hint class="hintIcon" style="" use="false">Enter a hint here.</hint>
						<server class="errorIcon" retain="false" style="" use="false" />
						<message_override>You must provide the Date the Memo was signed because you selected yes for Retroactive Action.</message_override>
					</error>
					<data_formats xmlns="http://www.hyfinity.com/formmaker">
						<date data="yyyy-MM-dd" display="MM/dd/yyyy" />
					</data_formats>
					<palette_ref control="Date" xmlns="http://www.hyfinity.com/formmaker" />
					<accessibility xmlns="http://www.hyfinity.com/formmaker">
						<alt>A date is required because you selected yes for Retroactive Action</alt>
					</accessibility>
				</fm:element>
				<fm:element disable="false" disable_method="read_only" generate="true" hide="false" name="CAP_HR_POS_NUM">
					<field xmlns="http://www.hyfinity.com/formmaker">
						<input options="dynamic">text</input>
						<style class="defaultBackground textboxControl" options="static" style="" />
						<element_style class="textbox" options="static" style="" />
						<date_picker class="datePickerIcon" content="" required="false" type="normal" />
						<label class="label" options="static" required="true" style="" type="static" value="CapHR Position Number">
							<container class="labelBackground labelControl" options="static" />
						</label>
						<container />
					</field>
					<constraints validate="true" xmlns="http://www.hyfinity.com/formmaker">
						<type>string</type>
						<required>true</required>
						<enumeration use_for_output="false" />
					</constraints>
					<error xmlns="http://www.hyfinity.com/formmaker">
						<hint class="hintIcon" style="" use="false">Enter a hint here.</hint>
						<server class="errorIcon" retain="false" style="" use="false" />
						<message_override>CapHR Position Number is required for Title 42 and SES/ST/SL</message_override>
					</error>
					<palette_ref control="Text Box" xmlns="http://www.hyfinity.com/formmaker" />
					<accessibility xmlns="http://www.hyfinity.com/formmaker">
						<alt>CapHR Position Number is required for Title 42 and SES/ST/SL</alt>
					</accessibility>
				</fm:element>
				<fm:element disable="false" disable_method="read_only" generate="true" hide="false" name="JOB_CODE">
					<field xmlns="http://www.hyfinity.com/formmaker">
						<input options="dynamic">text</input>
						<style class="defaultBackground textboxControl" options="static" style="" />
						<element_style class="textbox" options="static" style="" />
						<date_picker class="datePickerIcon" content="" required="false" type="normal" />
						<label class="label" options="static" required="true" style="" type="static" value="Job Code">
							<container class="labelBackground labelControl" options="static" />
						</label>
						<container />
					</field>
					<constraints validate="true" xmlns="http://www.hyfinity.com/formmaker">
						<type>string</type>
						<required>false</required>
						<enumeration use_for_output="false" />
					</constraints>
					<error xmlns="http://www.hyfinity.com/formmaker">
						<hint class="hintIcon" style="" use="false">Enter a hint here.</hint>
						<server class="errorIcon" retain="false" style="" use="false" />
						<message_override>Job Code is required for Title 42 and SES/ST/SL</message_override>
					</error>
					<palette_ref control="Text Box" xmlns="http://www.hyfinity.com/formmaker" />
					<accessibility xmlns="http://www.hyfinity.com/formmaker">
						<alt>Job Code is required for Title 42 and SES/ST/SL</alt>
					</accessibility>
					<disable method="read_only" required="true" xmlns="http://www.hyfinity.com/formmaker">
						<check id="field_value_condition">
							<param name="FieldToCheck" option="Static" value="1" />
							<param name="Comparison" option="==" />
							<param name="CheckValue" option="Static" value="1" />
						</check>
					</disable>
				</fm:element>
				<fm:element disable="false" disable_method="read_only" generate="true" hide="false" name="curActivity_2">
					<field xmlns="http://www.hyfinity.com/formmaker">
						<input options="dynamic">hidden</input>
						<style class="hide" options="static" style="" />
						<element_style class="hide" options="static" style="" />
						<date_picker class="" content="" required="false" type="normal" />
						<label class="hide" options="static" required="false" style="" type="static" value="Hidden Label">
							<container class="hide" options="static" style="" />
						</label>
						<container />
					</field>
					<constraints validate="false" xmlns="http://www.hyfinity.com/formmaker">
						<type>string</type>
						<required>false</required>
						<enumeration use_for_output="false" />
					</constraints>
					<error xmlns="http://www.hyfinity.com/formmaker">
						<hint class="hintIcon" style="" use="false">Enter a hint here.</hint>
						<server class="errorIcon" retain="false" style="" use="false" />
					</error>
					<palette_ref control="Hidden" xmlns="http://www.hyfinity.com/formmaker" />
				</fm:element>
			</fm:group>
			<fm:group border_styling="false" compatability="false" fieldset="false" gen_method="layout" hide="false" label_position="top" name="STAFF_APP_ROW_8" submit_if_hidden="true">
				<label class="label" options="static" position="outside_group" position_override="top" required="false" style="" type="static" value="Container Group" xmlns="http://www.hyfinity.com/formmaker">
					<container class="groupLabelBackground" options="static" style="" />
				</label>
				<style class="" options="static" style="width:100%;" xmlns="http://www.hyfinity.com/formmaker" />
				<fm:palette_ref control="Layout Group" />
				<fm:content_alignment distribution="horizontal" halign="left" valign="bottom" />
				<fm:sizing height="fit_to_content" width="custom" />
				<fm:element disable="false" disable_method="disabled" generate="true" hide="false" name="WORK_AUTHORIZATION_STATUS">
					<field xmlns="http://www.hyfinity.com/formmaker">
						<input dropdown_default="Select One" options="dynamic">select</input>
						<style class="defaultBackground selectControl" options="static" style="" />
						<element_style class="select" options="static" style="" />
						<date_picker class="" content="" required="false" type="normal" />
						<label class="label" options="static" required="true" style="" type="static" value="Work Authorization Status">
							<container class="labelBackground labelControl" options="static" />
						</label>
						<container />
					</field>
					<constraints validate="true" xmlns="http://www.hyfinity.com/formmaker">
						<type>string</type>
						<required>true</required>
						<enumeration use_for_output="false" />
					</constraints>
					<error xmlns="http://www.hyfinity.com/formmaker">
						<hint class="hintIcon" style="" use="false">Enter a hint here.</hint>
						<server class="errorIcon" retain="false" style="" use="false" />
						<message_override>Work Authorization Status is required.</message_override>
					</error>
					<palette_ref control="Select Box" xmlns="http://www.hyfinity.com/formmaker" />
					<accessibility xmlns="http://www.hyfinity.com/formmaker">
						<alt>Select a value for Work Authorization Status.</alt>
					</accessibility>
				</fm:element>
				<fm:element disable="false" disable_method="read_only" generate="true" hide="false" name="WORK_AUTHORIZATION_DECISION_DATE">
					<field xmlns="http://www.hyfinity.com/formmaker">
						<input options="dynamic" size="10">text</input>
						<style class="defaultBackground dateControl" options="static" style="" />
						<element_style class="textbox" options="static" style="" />
						<date_picker class="datePickerIcon" content="" required="true" type="normal" />
						<label class="label" options="static" required="true" style="" type="static" value="Date Work Authorization Decision Received">
							<container class="labelBackground labelControl" options="static" />
						</label>
						<container />
					</field>
					<constraints validate="true" xmlns="http://www.hyfinity.com/formmaker">
						<type>date</type>
						<required>true</required>
						<enumeration use_for_output="false" />
					</constraints>
					<error xmlns="http://www.hyfinity.com/formmaker">
						<hint class="hintIcon" style="" use="false">Enter a hint here.</hint>
						<server class="errorIcon" retain="false" style="" use="false" />
						<message_override>Date Work Authorization Received is required.</message_override>
					</error>
					<data_formats xmlns="http://www.hyfinity.com/formmaker">
						<date data="yyyy-MM-dd" display="MM/dd/yyyy" />
					</data_formats>
					<palette_ref control="Date" xmlns="http://www.hyfinity.com/formmaker" />
					<accessibility xmlns="http://www.hyfinity.com/formmaker">
						<alt>A date is required when you select yes for Work Authorization Status.</alt>
					</accessibility>
				</fm:element>
			</fm:group>
			<fm:group border_styling="false" compatability="false" fieldset="false" gen_method="layout" hide="false" label_position="top" name="STAFF_APP_ROW_6" submit_if_hidden="true">
				<label class="label" options="static" position="outside_group" position_override="top" required="false" style="" type="static" value="Container Group" xmlns="http://www.hyfinity.com/formmaker">
					<container class="groupLabelBackground" options="static" style="" />
				</label>
				<style class="" options="static" style="width:100%;" xmlns="http://www.hyfinity.com/formmaker" />
				<fm:palette_ref control="Layout Group" />
				<fm:content_alignment distribution="horizontal" halign="left" valign="bottom" />
				<fm:sizing height="fit_to_content" width="custom" />
				<fm:element disable="false" disable_method="disabled" generate="true" hide="false" name="ETHICS_CLEARANCE_STATUS">
					<field xmlns="http://www.hyfinity.com/formmaker">
						<input dropdown_default="Select One" options="dynamic">select</input>
						<style class="defaultBackground selectControl" options="static" style="" />
						<element_style class="select" options="static" style="" />
						<date_picker class="" content="" required="false" type="normal" />
						<label class="label" options="static" required="true" style="" type="static" value="Ethics Clearance Status">
							<container class="labelBackground labelControl" options="static" />
						</label>
						<container />
					</field>
					<constraints validate="true" xmlns="http://www.hyfinity.com/formmaker">
						<type>string</type>
						<required>true</required>
						<enumeration use_for_output="false" />
					</constraints>
					<error xmlns="http://www.hyfinity.com/formmaker">
						<hint class="hintIcon" style="" use="false">Enter a hint here.</hint>
						<server class="errorIcon" retain="false" style="" use="false" />
						<message_override>Ethics Clearance Status is required.</message_override>
					</error>
					<palette_ref control="Select Box" xmlns="http://www.hyfinity.com/formmaker" />
					<accessibility xmlns="http://www.hyfinity.com/formmaker">
						<alt>Select the Ethics Clearance Status.</alt>
					</accessibility>
				</fm:element>
				<fm:element disable="false" disable_method="read_only" generate="true" hide="false" name="ETHICS_DECISION_DATE">
					<field xmlns="http://www.hyfinity.com/formmaker">
						<input options="dynamic" size="10">text</input>
						<style class="defaultBackground dateControl" options="static" style="" />
						<element_style class="textbox" options="static" style="" />
						<date_picker class="datePickerIcon" content="" required="true" type="normal" />
						<label class="label" options="static" required="true" style="" type="static" value="Date Ethics Decision Received">
							<container class="labelBackground labelControl" options="static" />
						</label>
						<container />
					</field>
					<constraints validate="true" xmlns="http://www.hyfinity.com/formmaker">
						<type>date</type>
						<required>true</required>
						<enumeration use_for_output="false" />
					</constraints>
					<error xmlns="http://www.hyfinity.com/formmaker">
						<hint class="hintIcon" style="" use="false">Enter a hint here.</hint>
						<server class="errorIcon" retain="false" style="" use="false" />
						<message_override>Date Ethics Decision Received is required.</message_override>
					</error>
					<data_formats xmlns="http://www.hyfinity.com/formmaker">
						<date data="yyyy-MM-dd" display="MM/dd/yyyy" />
					</data_formats>
					<palette_ref control="Date" xmlns="http://www.hyfinity.com/formmaker" />
					<accessibility xmlns="http://www.hyfinity.com/formmaker">
						<alt>Enter he Date Ethics Decision Received </alt>
					</accessibility>
				</fm:element>
			</fm:group>
			<fm:group border_styling="false" compatability="false" fieldset="false" gen_method="layout" hide="false" label_position="top" name="STAFF_APP_ROW_7" submit_if_hidden="true">
				<label class="label" options="static" position="outside_group" position_override="top" required="false" style="" type="static" value="Container Group" xmlns="http://www.hyfinity.com/formmaker">
					<container class="groupLabelBackground" options="static" style="" />
				</label>
				<style class="" options="static" style="width:100%;" xmlns="http://www.hyfinity.com/formmaker" />
				<fm:palette_ref control="Layout Group" />
				<fm:content_alignment distribution="horizontal" halign="left" valign="bottom" />
				<fm:sizing height="fit_to_content" width="custom" />
				<fm:element disable="false" disable_method="disabled" generate="true" hide="false" name="SECURITY_CLEARANCE_STATUS">
					<field xmlns="http://www.hyfinity.com/formmaker">
						<input dropdown_default="Select One" options="dynamic">select</input>
						<style class="defaultBackground selectControl" options="static" style="" />
						<element_style class="select" options="static" style="" />
						<date_picker class="" content="" required="false" type="normal" />
						<label class="label" options="static" required="true" style="" type="static" value="Security Clearance Status">
							<container class="labelBackground labelControl" options="static" />
						</label>
						<container />
					</field>
					<constraints validate="true" xmlns="http://www.hyfinity.com/formmaker">
						<type>string</type>
						<required>true</required>
						<enumeration use_for_output="false" />
					</constraints>
					<error xmlns="http://www.hyfinity.com/formmaker">
						<hint class="hintIcon" style="" use="false">Enter a hint here.</hint>
						<server class="errorIcon" retain="false" style="" use="false" />
						<message_override>Security Clearance Status is required.</message_override>
					</error>
					<palette_ref control="Select Box" xmlns="http://www.hyfinity.com/formmaker" />
					<accessibility xmlns="http://www.hyfinity.com/formmaker">
						<alt>Select the Security Clearance Status.</alt>
					</accessibility>
				</fm:element>
				<fm:element disable="false" disable_method="read_only" generate="true" hide="false" name="SECURITY_DECISION_DATE">
					<field xmlns="http://www.hyfinity.com/formmaker">
						<input options="dynamic" size="10">text</input>
						<style class="defaultBackground dateControl" options="static" style="" />
						<element_style class="textbox" options="static" style="" />
						<date_picker class="datePickerIcon" content="" required="true" type="normal" />
						<label class="label" options="static" required="true" style="" type="static" value="Date Security Decision Received">
							<container class="labelBackground labelControl" options="static" />
						</label>
						<container />
					</field>
					<constraints validate="true" xmlns="http://www.hyfinity.com/formmaker">
						<type>date</type>
						<required>true</required>
						<enumeration use_for_output="false" />
					</constraints>
					<error xmlns="http://www.hyfinity.com/formmaker">
						<hint class="hintIcon" style="" use="false">Enter a hint here.</hint>
						<server class="errorIcon" retain="false" style="" use="false" />
						<message_override>Date Security Decision Received is required.</message_override>
					</error>
					<data_formats xmlns="http://www.hyfinity.com/formmaker">
						<date data="yyyy-MM-dd" display="MM/dd/yyyy" />
					</data_formats>
					<palette_ref control="Date" xmlns="http://www.hyfinity.com/formmaker" />
					<accessibility xmlns="http://www.hyfinity.com/formmaker">
						<alt>Enter the date the Date Security Decision Received</alt>
					</accessibility>
				</fm:element>
			</fm:group>
		</fm:group>
	</fm:group>
	<fm:group border_styling="false" compatability="false" fieldset="false" gen_method="grid" hide="false" label_position="left" name="HR_STAFFING_GRD" submit_if_hidden="true">
		<label class="label" options="static" position="outside_group" position_override="top" required="true" style="" type="static" value="HR Staffing Approval Information" xmlns="http://www.hyfinity.com/formmaker">
			<container class="groupLabelBackground" options="static" style="">
				<content_alignment distribution="vertical" halign="left" valign="middle" />
				<sizing height="custom" width="fully_expand" />
			</container>
		</label>
		<style class="hrSeniorStaffing" options="static" style="" xmlns="http://www.hyfinity.com/formmaker" />
		<fm:grid_structure cols="1" rows="8">
			<grid_component col="1" name="HR_PROCESSOR_ROW_2" row="2" xmlns="http://www.hyfinity.com/formmaker" />
			<grid_component col="1" name="HR_PROCESSOR_ROW_1" row="1" xmlns="http://www.hyfinity.com/formmaker" />
			<grid_component col="1" name="HR_PROCESSOR_ROW_3" row="3" xmlns="http://www.hyfinity.com/formmaker" />
			<grid_component col="1" name="HR_PROCESSOR_ROW_4" row="4" xmlns="http://www.hyfinity.com/formmaker" />
			<grid_component col="1" name="HR_PROCESSOR_ROW_5" row="5" xmlns="http://www.hyfinity.com/formmaker" />
			<grid_component col="1" name="HR_PROCESSOR_ROW_6" row="7" xmlns="http://www.hyfinity.com/formmaker" />
			<grid_component col="1" name="HR_PROCESSOR_ROW_7" row="8" xmlns="http://www.hyfinity.com/formmaker" />
			<grid_component col="1" name="separator" row="6" xmlns="http://www.hyfinity.com/formmaker" />
		</fm:grid_structure>
		<fm:palette_ref control="One Column" />
		<fm:sizing height="fit_to_content" width="fully_expand" />
		<content_alignment distribution="vertical" halign="left" valign="top" xmlns="http://www.hyfinity.com/formmaker" />
		<fm:group border_styling="false" compatability="false" fieldset="false" gen_method="layout" hide="false" label_position="top" name="HR_PROCESSOR_ROW_1" submit_if_hidden="true">
			<label class="label" options="static" position="outside_group" position_override="top" required="false" style="" type="static" value="Container Group" xmlns="http://www.hyfinity.com/formmaker">
				<container class="groupLabelBackground" options="static" style="">
					<sizing width="fully_expand" />
				</container>
			</label>
			<style class="" options="static" style="" xmlns="http://www.hyfinity.com/formmaker" />
			<fm:palette_ref control="Layout Group" />
			<fm:content_alignment distribution="horizontal" halign="left" valign="top" />
			<fm:sizing height="fit_to_content" width="fully_expand" />
			<fm:element disable="false" disable_method="disabled" generate="true" hide="false" name="HR_PROCESSOR_ACKNOWLEDGE">
				<field xmlns="http://www.hyfinity.com/formmaker">
					<input caption="true" options="static" unchecked_value="false">checkbox</input>
					<style class="defaultBackground checkboxControl" options="static" style="" />
					<element_style class="checkbox hrProcessor" options="static" style="" />
					<date_picker class="" content="" required="false" type="normal" />
					<label class="label" options="static" required="false" style="" type="static" value="Check">
						<container class="labelBackground labelControl" options="static" style="" />
					</label>
					<container />
				</field>
				<constraints validate="true" xmlns="http://www.hyfinity.com/formmaker">
					<type>string</type>
					<required>true</required>
					<enumeration use_for_output="false" />
				</constraints>
				<error xmlns="http://www.hyfinity.com/formmaker">
					<hint class="hintIcon" style="" use="false">Enter a hint here.</hint>
					<server class="errorIcon" retain="false" style="" use="false" />
					<message_override>You must provide certification.</message_override>
				</error>
				<palette_ref control="Checkbox" xmlns="http://www.hyfinity.com/formmaker" />
				<accessibility xmlns="http://www.hyfinity.com/formmaker">
					<alt>Selecting this box Certifies that you that this is an accurate statement of the major duties and responsiblities of this position and its organizational relationships, and that the position is necessary to carry out Government functions for which I am responsible.  This certification is made with the knowledge that this information is to be used for statutory purposes relating to appointment and payment of public funds, and that false or misleading statements may constitute violations of such statutes or their implementing regulations.</alt>
				</accessibility>
			</fm:element>
			<fm:custom name="HR_PROCESSOR_CUSTOM" type="custom">
				<fm:code>
					<div class="customControl hrProcessor" id="HR_PROCESSOR_CUSTOM" xmlns="http://www.hyfinity.com/xfactory">
						<p style="width:800px">
							<strong>I, the HR Processor, acknowledge that all ATC data are accurate and in sync with the documentation.</strong>
						</p>
					</div>
				</fm:code>
				<fm:description>Enter a description.</fm:description>
				<palette_ref control="Custom" xmlns="http://www.hyfinity.com/formmaker" />
			</fm:custom>
		</fm:group>
		<fm:group border_styling="false" compatability="false" fieldset="false" gen_method="layout" hide="false" label_position="top" name="HR_PROCESSOR_ROW_2" submit_if_hidden="true">
			<label class="label" options="static" position="outside_group" position_override="top" required="false" style="" type="static" value="Container Group" xmlns="http://www.hyfinity.com/formmaker">
				<container class="groupLabelBackground" options="static" style="" />
			</label>
			<style class="" options="static" style="width:100%;" xmlns="http://www.hyfinity.com/formmaker" />
			<fm:palette_ref control="Layout Group" />
			<fm:content_alignment distribution="horizontal" halign="left" valign="bottom" />
			<fm:sizing height="fit_to_content" width="custom" />
			<fm:element disable="false" disable_method="read_only" generate="true" hide="false" name="HR_PROCESSOR_APPROVAL">
				<field xmlns="http://www.hyfinity.com/formmaker">
					<input options="static">text</input>
					<style class="defaultBackground textboxControl" options="static" style="" />
					<element_style class="textbox" options="static" style="" />
					<date_picker class="datePickerIcon" content="" required="false" type="normal" />
					<label class="label" options="static" required="true" style="" type="static" value="HR Assistant">
						<container class="labelBackground labelControl" options="static" />
					</label>
					<container />
				</field>
				<constraints validate="true" xmlns="http://www.hyfinity.com/formmaker">
					<type>string</type>
					<required>true</required>
					<enumeration use_for_output="false" />
				</constraints>
				<error xmlns="http://www.hyfinity.com/formmaker">
					<hint class="hintIcon" style="" use="false">Enter a hint here.</hint>
					<server class="errorIcon" retain="false" style="" use="false" />
				</error>
				<palette_ref control="Text Box" xmlns="http://www.hyfinity.com/formmaker" />
				<accessibility xmlns="http://www.hyfinity.com/formmaker">
					<alt>This field will auto populate when all previous required fields are complete.</alt>
				</accessibility>
			</fm:element>
			<fm:element disable="false" disable_method="read_only" generate="true" hide="false" name="HR_PROCESSOR_DATE">
				<field xmlns="http://www.hyfinity.com/formmaker">
					<input options="dynamic">text</input>
					<style class="defaultBackground textboxControl" options="static" style="" />
					<element_style class="textbox" options="static" style="" />
					<date_picker class="datePickerIcon" content="" required="false" type="normal" />
					<label class="label" options="static" required="true" style="" type="static" value="Date">
						<container class="labelBackground labelControl" options="static" />
					</label>
					<container />
				</field>
				<constraints validate="true" xmlns="http://www.hyfinity.com/formmaker">
					<type>string</type>
					<required>false</required>
					<enumeration use_for_output="false" />
				</constraints>
				<error xmlns="http://www.hyfinity.com/formmaker">
					<hint class="hintIcon" style="" use="false">Enter a hint here.</hint>
					<server class="errorIcon" retain="false" style="" use="false" />
				</error>
				<palette_ref control="Text Box" xmlns="http://www.hyfinity.com/formmaker" />
				<accessibility xmlns="http://www.hyfinity.com/formmaker">
					<alt>This field will auto populate when all previous required fields are complete.</alt>
				</accessibility>
			</fm:element>
		</fm:group>
		<fm:group border_styling="false" compatability="false" fieldset="false" gen_method="layout" hide="false" label_position="top" name="HR_PROCESSOR_ROW_3" submit_if_hidden="true">
			<label class="label" options="static" position="outside_group" position_override="top" required="false" style="" type="static" value="Container Group" xmlns="http://www.hyfinity.com/formmaker">
				<container class="groupLabelBackground" options="static" style="">
					<sizing width="fully_expand" />
				</container>
			</label>
			<style class="" options="static" style="" xmlns="http://www.hyfinity.com/formmaker" />
			<fm:palette_ref control="Layout Group" />
			<fm:content_alignment distribution="horizontal" halign="left" valign="top" />
			<fm:sizing height="fit_to_content" width="fully_expand" />
			<fm:element disable="false" disable_method="disabled" generate="true" hide="false" name="HR_STAFFING_ACKNOWLEDGE">
				<field xmlns="http://www.hyfinity.com/formmaker">
					<input caption="true" options="static" unchecked_value="false">checkbox</input>
					<style class="defaultBackground checkboxControl" options="static" style="" />
					<element_style class="checkbox" options="static" style="" />
					<date_picker class="" content="" required="false" type="normal" />
					<label class="label" options="static" required="false" style="" type="static" value="Check">
						<container class="labelBackground labelControl" options="static" style="" />
					</label>
					<container />
				</field>
				<constraints validate="true" xmlns="http://www.hyfinity.com/formmaker">
					<type>string</type>
					<required>true</required>
					<enumeration use_for_output="false" />
				</constraints>
				<error xmlns="http://www.hyfinity.com/formmaker">
					<hint class="hintIcon" style="" use="false">Enter a hint here.</hint>
					<server class="errorIcon" retain="false" style="" use="false" />
					<message_override>You must provide acknowledgement.</message_override>
				</error>
				<palette_ref control="Checkbox" xmlns="http://www.hyfinity.com/formmaker" />
				<accessibility xmlns="http://www.hyfinity.com/formmaker">
					<alt>Selecting this box acknowledge that all ATC data are accurate and in sync with the documentation.</alt>
				</accessibility>
			</fm:element>
			<fm:custom name="HR_STAFFING_CUSTOM" type="custom">
				<fm:code>
					<div class="customControl" id="HR_STAFFING_CUSTOM" xmlns="http://www.hyfinity.com/xfactory">
						<p style="width:800px">
							<strong>I, the HR Staffing Specialist, acknowledge that all ATC data are accurate and in sync with the documentation.</strong>
						</p>
					</div>
				</fm:code>
				<fm:description>Enter a description.</fm:description>
				<palette_ref control="Custom" xmlns="http://www.hyfinity.com/formmaker" />
			</fm:custom>
		</fm:group>
		<fm:group border_styling="false" compatability="false" fieldset="false" gen_method="layout" hide="false" label_position="top" name="HR_PROCESSOR_ROW_4" submit_if_hidden="true">
			<label class="label" options="static" position="outside_group" position_override="top" required="false" style="" type="static" value="Container Group" xmlns="http://www.hyfinity.com/formmaker">
				<container class="groupLabelBackground" options="static" style="" />
			</label>
			<style class="hrStaffing" options="static" style="width:100%;" xmlns="http://www.hyfinity.com/formmaker" />
			<fm:palette_ref control="Layout Group" />
			<fm:content_alignment distribution="horizontal" halign="left" valign="bottom" />
			<fm:sizing height="fit_to_content" width="custom" />
			<fm:element disable="false" disable_method="read_only" generate="true" hide="false" name="HR_STAFFING_APPROVAL">
				<field xmlns="http://www.hyfinity.com/formmaker">
					<input options="static">text</input>
					<style class="defaultBackground textboxControl" options="static" style="" />
					<element_style class="textbox " options="static" style="" />
					<date_picker class="datePickerIcon" content="" required="false" type="normal" />
					<label class="label" options="static" required="true" style="" type="static" value="HR Staffing Specialist">
						<container class="labelBackground labelControl" options="static" />
					</label>
					<container />
				</field>
				<constraints validate="true" xmlns="http://www.hyfinity.com/formmaker">
					<type>string</type>
					<required>true</required>
					<enumeration use_for_output="false" />
				</constraints>
				<error xmlns="http://www.hyfinity.com/formmaker">
					<hint class="hintIcon" style="" use="false">Enter a hint here.</hint>
					<server class="errorIcon" retain="false" style="" use="false" />
				</error>
				<palette_ref control="Text Box" xmlns="http://www.hyfinity.com/formmaker" />
				<accessibility xmlns="http://www.hyfinity.com/formmaker">
					<alt>This field will auto populate when all previous required fields are complete.</alt>
				</accessibility>
			</fm:element>
			<fm:element disable="false" disable_method="read_only" generate="true" hide="false" name="HR_STAFFING_DATE">
				<field xmlns="http://www.hyfinity.com/formmaker">
					<input options="dynamic">text</input>
					<style class="defaultBackground textboxControl" options="static" style="" />
					<element_style class="textbox" options="static" style="" />
					<date_picker class="datePickerIcon" content="" required="false" type="normal" />
					<label class="label" options="static" required="true" style="" type="static" value="Date">
						<container class="labelBackground labelControl" options="static" />
					</label>
					<container />
				</field>
				<constraints validate="true" xmlns="http://www.hyfinity.com/formmaker">
					<type>string</type>
					<required>false</required>
					<enumeration use_for_output="false" />
				</constraints>
				<error xmlns="http://www.hyfinity.com/formmaker">
					<hint class="hintIcon" style="" use="false">Enter a hint here.</hint>
					<server class="errorIcon" retain="false" style="" use="false" />
				</error>
				<palette_ref control="Text Box" xmlns="http://www.hyfinity.com/formmaker" />
				<accessibility xmlns="http://www.hyfinity.com/formmaker">
					<alt>This field will auto populate when all previous required fields are complete.</alt>
				</accessibility>
			</fm:element>
		</fm:group>
		<fm:group border_styling="false" compatability="false" fieldset="false" gen_method="layout" hide="false" label_position="top" name="HR_PROCESSOR_ROW_5" submit_if_hidden="true">
			<label class="label" options="static" position="outside_group" position_override="top" required="false" style="" type="static" value="Container Group" xmlns="http://www.hyfinity.com/formmaker">
				<container class="groupLabelBackground" options="static" style="" />
			</label>
			<style class="hrStaffing" options="static" style="width:100%;" xmlns="http://www.hyfinity.com/formmaker" />
			<fm:palette_ref control="Layout Group" />
			<fm:content_alignment distribution="horizontal" halign="left" valign="bottom" />
			<fm:sizing height="fit_to_content" width="custom" />
			<fm:element disable="false" disable_method="disabled" generate="true" hide="false" name="ATC_SIGN_OFF_REQ_2">
				<field xmlns="http://www.hyfinity.com/formmaker">
					<input dropdown_default="Select One" options="static">select</input>
					<style class="defaultBackground selectControl" options="static" style="" />
					<element_style class="select" options="static" style="" />
					<date_picker class="" content="" required="false" type="normal" />
					<label class="label" options="static" required="true" style="" type="static" value="Additional Approval Required?">
						<container class="labelBackground labelControl" options="static" />
					</label>
					<container />
				</field>
				<constraints validate="true" xmlns="http://www.hyfinity.com/formmaker">
					<type>string</type>
					<required>true</required>
					<enumeration use_for_output="false">
						<include value="Yes">Yes</include>
						<include value="No">No</include>
					</enumeration>
				</constraints>
				<error xmlns="http://www.hyfinity.com/formmaker">
					<hint class="hintIcon" style="" use="false">Enter a hint here.</hint>
					<server class="errorIcon" retain="false" style="" use="false" />
					<message_override>Additional Approval Required is required.</message_override>
				</error>
				<palette_ref control="Select Box" xmlns="http://www.hyfinity.com/formmaker" />
				<accessibility xmlns="http://www.hyfinity.com/formmaker">
					<alt>Select a value for Additional Approval Required.</alt>
				</accessibility>
			</fm:element>
			<fm:element disable="false" disable_method="read_only" generate="true" hide="false" name="ATC_APPROVER_2">
				<field xmlns="http://www.hyfinity.com/formmaker">
					<input options="static">text</input>
					<style class="defaultBackground textboxControl" options="static" style="" />
					<element_style class="textbox js-autocomplete" options="static" style="" />
					<date_picker class="datePickerIcon" content="" required="false" type="normal" />
					<label class="label" options="static" required="true" style="" type="static" value="Next Approver">
						<container class="labelBackground labelControl" options="static" />
					</label>
					<container />
				</field>
				<constraints validate="true" xmlns="http://www.hyfinity.com/formmaker">
					<type>string</type>
					<required>true</required>
					<enumeration use_for_output="false" />
				</constraints>
				<error xmlns="http://www.hyfinity.com/formmaker">
					<hint class="hintIcon" style="" use="false">Enter a hint here.</hint>
					<server class="errorIcon" retain="false" style="" use="false" />
					<message_override>Next Approver is required.</message_override>
				</error>
				<palette_ref control="Text Box" xmlns="http://www.hyfinity.com/formmaker" />
				<custom_attributes xmlns="http://www.hyfinity.com/formmaker">
					<attribute name="data-autocompleteurl" type="custom" value="SearchPeople.do?searchString=" />
					<attribute name="data-autocompletelabels" type="custom" value="DSPNAME,DEPTNAME" />
					<attribute name="data-autocompletevaluename" type="custom" value="DSPNAME" />
					<attribute name="data-autocompleteothers" type="custom" value="NEXT_APPROVER:PVMID,ATC_APPROVER_EMAIL_2:EMAIL" />
				</custom_attributes>
				<accessibility xmlns="http://www.hyfinity.com/formmaker">
					<alt>Begin typing to retrieve a list of Approvers and select one.</alt>
				</accessibility>
			</fm:element>
			<fm:element disable="false" disable_method="read_only" generate="true" hide="false" name="ATC_APPROVER_EMAIL_2">
				<field xmlns="http://www.hyfinity.com/formmaker">
					<input options="dynamic">text</input>
					<style class="defaultBackground textboxControl" options="static" style="" />
					<element_style class="textbox" options="static" style="" />
					<date_picker class="datePickerIcon" content="" required="false" type="normal" />
					<label class="label" options="static" required="true" style="" type="static" value="Email Address">
						<container class="labelBackground labelControl" options="static" />
					</label>
					<container />
				</field>
				<constraints validate="true" xmlns="http://www.hyfinity.com/formmaker">
					<type>string</type>
					<required>true</required>
					<enumeration use_for_output="false" />
				</constraints>
				<error xmlns="http://www.hyfinity.com/formmaker">
					<hint class="hintIcon" style="" use="false">Enter a hint here.</hint>
					<server class="errorIcon" retain="false" style="" use="false" />
				</error>
				<palette_ref control="Text Box" xmlns="http://www.hyfinity.com/formmaker" />
				<accessibility xmlns="http://www.hyfinity.com/formmaker">
					<alt>This field will auto populate when you select the next approver.</alt>
				</accessibility>
			</fm:element>
		</fm:group>
		<fm:custom name="separator" type="separator">
			<fm:code>
				<div class="separator" xmlns=""></div>
			</fm:code>
			<fm:description>Enter a description.</fm:description>
			<palette_ref control="Separator" xmlns="http://www.hyfinity.com/formmaker" />
		</fm:custom>
		<fm:group border_styling="false" compatability="false" fieldset="false" gen_method="layout" hide="false" label_position="top" name="HR_PROCESSOR_ROW_6" submit_if_hidden="true">
			<label class="label" options="static" position="outside_group" position_override="top" required="false" style="" type="static" value="Container Group" xmlns="http://www.hyfinity.com/formmaker">
				<container class="groupLabelBackground" options="static" style="">
					<sizing width="fully_expand" />
				</container>
			</label>
			<style class="hrSeniorStaffing" options="static" style="" xmlns="http://www.hyfinity.com/formmaker" />
			<fm:palette_ref control="Layout Group" />
			<fm:content_alignment distribution="horizontal" halign="left" valign="top" />
			<fm:sizing height="fit_to_content" width="fully_expand" />
			<fm:element disable="false" disable_method="disabled" generate="true" hide="false" name="HR_SENIOR_STAFFING_ACKNOWLEDGE">
				<field xmlns="http://www.hyfinity.com/formmaker">
					<input caption="true" options="static" unchecked_value="false">checkbox</input>
					<style class="defaultBackground checkboxControl" options="static" style="" />
					<element_style class="checkbox" options="static" style="" />
					<date_picker class="" content="" required="false" type="normal" />
					<label class="label" options="static" required="false" style="" type="static" value="Check">
						<container class="labelBackground labelControl" options="static" style="" />
					</label>
					<container />
				</field>
				<constraints validate="true" xmlns="http://www.hyfinity.com/formmaker">
					<type>string</type>
					<required>true</required>
					<enumeration use_for_output="false" />
				</constraints>
				<error xmlns="http://www.hyfinity.com/formmaker">
					<hint class="hintIcon" style="" use="false">Enter a hint here.</hint>
					<server class="errorIcon" retain="false" style="" use="false" />
					<message_override>You must provide certification.</message_override>
				</error>
				<palette_ref control="Checkbox" xmlns="http://www.hyfinity.com/formmaker" />
				<accessibility xmlns="http://www.hyfinity.com/formmaker">
					<alt>Selecting this box acknowledge that all ATC data are accurate and in sync with the documentation.</alt>
				</accessibility>
			</fm:element>
			<fm:custom name="HR_SENIOR_STAFFING_CUSTOM" type="custom">
				<fm:code>
					<div ID="HR_SENIOR_STAFFING_CUSTOM" class="customControl" xmlns="http://www.hyfinity.com/xfactory">
						<p style="width:800px">
							<strong>I, the Senior HR Staffing Specialist, acknowledge that all ATC data are accurate and in sync with the documentation.</strong>
						</p>
					</div>
				</fm:code>
				<fm:description>Enter a description.</fm:description>
				<palette_ref control="Custom" xmlns="http://www.hyfinity.com/formmaker" />
			</fm:custom>
		</fm:group>
		<fm:group border_styling="false" compatability="false" fieldset="false" gen_method="layout" hide="false" label_position="top" name="HR_PROCESSOR_ROW_7" submit_if_hidden="true">
			<label class="label" options="static" position="outside_group" position_override="top" required="false" style="" type="static" value="Container Group" xmlns="http://www.hyfinity.com/formmaker">
				<container class="groupLabelBackground" options="static" style="" />
			</label>
			<style class="hrSeniorStaffing" options="static" style="width:100%;" xmlns="http://www.hyfinity.com/formmaker" />
			<fm:palette_ref control="Layout Group" />
			<fm:content_alignment distribution="horizontal" halign="left" valign="bottom" />
			<fm:sizing height="fit_to_content" width="custom" />
			<fm:element disable="false" disable_method="read_only" generate="true" hide="false" name="HR_SENIOR_STAFFING_APPROVAL">
				<field xmlns="http://www.hyfinity.com/formmaker">
					<input options="static">text</input>
					<style class="defaultBackground textboxControl" options="static" style="" />
					<element_style class="textbox " options="static" style="" />
					<date_picker class="datePickerIcon" content="" required="false" type="normal" />
					<label class="label" options="static" required="true" style="" type="static" value="HR Staffing Specialist">
						<container class="labelBackground labelControl" options="static" />
					</label>
					<container />
				</field>
				<constraints validate="true" xmlns="http://www.hyfinity.com/formmaker">
					<type>string</type>
					<required>true</required>
					<enumeration use_for_output="false" />
				</constraints>
				<error xmlns="http://www.hyfinity.com/formmaker">
					<hint class="hintIcon" style="" use="false">Enter a hint here.</hint>
					<server class="errorIcon" retain="false" style="" use="false" />
				</error>
				<palette_ref control="Text Box" xmlns="http://www.hyfinity.com/formmaker" />
				<accessibility xmlns="http://www.hyfinity.com/formmaker">
					<alt>This field will auto populate when all previous required fields are complete.</alt>
				</accessibility>
			</fm:element>
			<fm:element disable="false" disable_method="read_only" generate="true" hide="false" name="HR_SENIOR_STAFFING_DATE">
				<field xmlns="http://www.hyfinity.com/formmaker">
					<input options="dynamic">text</input>
					<style class="defaultBackground textboxControl" options="static" style="" />
					<element_style class="textbox" options="static" style="" />
					<date_picker class="datePickerIcon" content="" required="false" type="normal" />
					<label class="label" options="static" required="true" style="" type="static" value="Date">
						<container class="labelBackground labelControl" options="static" />
					</label>
					<container />
				</field>
				<constraints validate="true" xmlns="http://www.hyfinity.com/formmaker">
					<type>string</type>
					<required>false</required>
					<enumeration use_for_output="false" />
				</constraints>
				<error xmlns="http://www.hyfinity.com/formmaker">
					<hint class="hintIcon" style="" use="false">Enter a hint here.</hint>
					<server class="errorIcon" retain="false" style="" use="false" />
				</error>
				<palette_ref control="Text Box" xmlns="http://www.hyfinity.com/formmaker" />
				<accessibility xmlns="http://www.hyfinity.com/formmaker">
					<alt>This field will auto populate when all previous required fields are complete.</alt>
				</accessibility>
			</fm:element>
		</fm:group>
	</fm:group>
	<fm:group border_styling="false" compatability="false" fieldset="false" gen_method="layout" hide="false" label_position="left" name="hidden_general" submit_if_hidden="true">
		<label class="label" options="static" position="outside_group" position_override="top" required="false" style="" type="static" value="Layout Group" xmlns="http://www.hyfinity.com/formmaker">
			<container class="groupLabelBackground" options="static" style="">
				<content_alignment distribution="vertical" />
			</container>
		</label>
		<style class="hide " options="static" style="" xmlns="http://www.hyfinity.com/formmaker" />
		<fm:content_alignment distribution="vertical" halign="left" valign="top" />
		<fm:sizing height="fit_to_content" width="fully_expand" />
		<palette_ref control="Layout Group" xmlns="http://www.hyfinity.com/formmaker" />
		<fm:group border_styling="false" compatability="false" fieldset="false" gen_method="grid" hide="false" label_position="left" name="hidden_fields_grid" submit_if_hidden="true">
			<label class="label" options="static" position="outside_group" position_override="top" required="false" style="" type="static" value="Layout Grid" xmlns="http://www.hyfinity.com/formmaker">
				<container class="groupLabelBackground" options="static" style="" />
			</label>
			<style class="" options="static" style="" xmlns="http://www.hyfinity.com/formmaker" />
			<grid_structure cols="1" rows="4" xmlns="http://www.hyfinity.com/formmaker">
				<grid_component col="1" name="current_user_name" row="1" />
				<grid_component col="1" name="current_user_title" row="2" />
				<grid_component col="1" name="curActivity" row="3" />
				<grid_component col="1" name="NEXT_APPROVER" row="4" />
			</grid_structure>
			<fm:content_alignment distribution="vertical" halign="left" valign="top" />
			<fm:sizing height="fit_to_content" width="fully_expand" />
			<palette_ref control="Layout Grid" xmlns="http://www.hyfinity.com/formmaker" />
			<fm:element disable="false" disable_method="read_only" generate="true" hide="false" name="current_user_name">
				<field xmlns="http://www.hyfinity.com/formmaker">
					<input options="dynamic">hidden</input>
					<style class="hide" options="static" style="" />
					<element_style class="hide" options="static" style="" />
					<date_picker class="" content="" required="false" type="normal" />
					<label class="hide" options="static" required="false" style="" type="static" value="Hidden Label">
						<container class="hide" options="static" style="" />
					</label>
					<container />
				</field>
				<constraints validate="false" xmlns="http://www.hyfinity.com/formmaker">
					<type>string</type>
					<required>false</required>
					<enumeration use_for_output="false" />
				</constraints>
				<error xmlns="http://www.hyfinity.com/formmaker">
					<hint class="hintIcon" style="" use="false">Enter a hint here.</hint>
					<server class="errorIcon" retain="false" style="" use="false" />
				</error>
				<palette_ref control="Hidden" xmlns="http://www.hyfinity.com/formmaker" />
			</fm:element>
			<fm:element disable="false" disable_method="read_only" generate="true" hide="false" name="current_user_title">
				<field xmlns="http://www.hyfinity.com/formmaker">
					<input options="dynamic">hidden</input>
					<style class="hide" options="static" style="" />
					<element_style class="hide" options="static" style="" />
					<date_picker class="" content="" required="false" type="normal" />
					<label class="hide" options="static" required="false" style="" type="static" value="Hidden Label">
						<container class="hide" options="static" style="" />
					</label>
					<container />
				</field>
				<constraints validate="false" xmlns="http://www.hyfinity.com/formmaker">
					<type>string</type>
					<required>false</required>
					<enumeration use_for_output="false" />
				</constraints>
				<error xmlns="http://www.hyfinity.com/formmaker">
					<hint class="hintIcon" style="" use="false">Enter a hint here.</hint>
					<server class="errorIcon" retain="false" style="" use="false" />
				</error>
				<palette_ref control="Hidden" xmlns="http://www.hyfinity.com/formmaker" />
			</fm:element>
			<fm:element disable="false" disable_method="read_only" generate="true" hide="false" name="curActivity">
				<field xmlns="http://www.hyfinity.com/formmaker">
					<input options="dynamic">hidden</input>
					<style class="hide" options="static" style="" />
					<element_style class="hide" options="static" style="" />
					<date_picker class="" content="" required="false" type="normal" />
					<label class="hide" options="static" required="false" style="" type="static" value="Hidden Label">
						<container class="hide" options="static" style="" />
					</label>
					<container />
				</field>
				<constraints validate="false" xmlns="http://www.hyfinity.com/formmaker">
					<type>string</type>
					<required>false</required>
					<enumeration use_for_output="false" />
				</constraints>
				<error xmlns="http://www.hyfinity.com/formmaker">
					<hint class="hintIcon" style="" use="false">Enter a hint here.</hint>
					<server class="errorIcon" retain="false" style="" use="false" />
				</error>
				<palette_ref control="Hidden" xmlns="http://www.hyfinity.com/formmaker" />
			</fm:element>
			<fm:element disable="false" disable_method="read_only" generate="true" hide="false" name="NEXT_APPROVER">
				<field xmlns="http://www.hyfinity.com/formmaker">
					<input options="dynamic">hidden</input>
					<style class="hide" options="static" style="" />
					<element_style class="hide" options="static" style="" />
					<disabled_style class="disabled" options="static" style="" />
					<label class="hide" options="static" required="false" style="" type="static" value="Hidden Label">
						<container class="hide" options="static" style="" />
					</label>
					<date_picker class="" content="" popup="false" required="false" type="normal" />
				</field>
				<constraints validate="false" xmlns="http://www.hyfinity.com/formmaker">
					<type>string</type>
					<required>false</required>
					<enumeration use_for_output="false" />
				</constraints>
				<error create_container="false" xmlns="http://www.hyfinity.com/formmaker">
					<hint class="hintIcon" style="" use="false">Enter a hint here.</hint>
					<server class="errorIcon" retain="false" style="" use="false" />
				</error>
				<palette_ref control="Hidden" xmlns="http://www.hyfinity.com/formmaker" />
			</fm:element>
		</fm:group>
	</fm:group>
</fm:structure>
