<?xml version="1.0" encoding="UTF-8"?>
<xforms xmlns="http://www.hyfinity.com/formmaker" xmlns:mvc="http://www.hyfinity.com/mvc">
	<instance_configuration />
	<page />
	<group name="hidden_general" />
	<group name="hidden_fields_grid" />
	<element name="SO_ID">
		<fm:action name="general" xmlns:fm="http://www.hyfinity.com/formmaker">
			<xform_xpath>/mvc:eForm/mvc:Data/mvc:formData/mvc:SO_ID</xform_xpath>
		</fm:action>
		<transform_xpath>/mvc:eForm/mvc:Data/WorkitemContext/Process/ProcessVariables/selectOfficial</transform_xpath>
		<description />
	</element>
	<element name="CIO_ID">
		<fm:action name="general" xmlns:fm="http://www.hyfinity.com/formmaker">
			<xform_xpath>/mvc:eForm/mvc:Data/mvc:formData/mvc:CIO_ID</xform_xpath>
		</fm:action>
		<transform_xpath>/mvc:eForm/mvc:Data/WorkitemContext/Process/ProcessVariables/cioAdminPOC</transform_xpath>
		<description />
	</element>
	<element name="HROS_ID">
		<fm:action name="general" xmlns:fm="http://www.hyfinity.com/formmaker">
			<xform_xpath>/mvc:eForm/mvc:Data/mvc:formData/mvc:HROS_ID</xform_xpath>
		</fm:action>
		<transform_xpath>/mvc:eForm/mvc:Data/WorkitemContext/Process/ProcessVariables/hroSpecialist</transform_xpath>
		<description />
	</element>
	<element name="CLASS_SPEC_ID">
		<fm:action name="general" xmlns:fm="http://www.hyfinity.com/formmaker">
			<xform_xpath>/mvc:eForm/mvc:Data/mvc:formData/mvc:CLASS_SPEC_ID</xform_xpath>
		</fm:action>
		<transform_xpath>/mvc:eForm/mvc:Data/WorkitemContext/Process/ProcessVariables/classSpecialist</transform_xpath>
		<description />
	</element>
	<element name="CIO_PART_ID">
		<fm:action name="general" xmlns:fm="http://www.hyfinity.com/formmaker">
			<xform_xpath>/mvc:eForm/mvc:Data/WorkitemContext/Process/ProcessVariables/cioAdminPOC</xform_xpath>
		</fm:action>
		<transform_xpath>/mvc:eForm/mvc:Data/WorkitemContext/Process/ProcessVariables/cioAdminPOC</transform_xpath>
		<description />
	</element>
	<element name="SO_PART_ID">
		<fm:action name="general" xmlns:fm="http://www.hyfinity.com/formmaker">
			<xform_xpath>/mvc:eForm/mvc:Data/WorkitemContext/Process/ProcessVariables/selectOfficial</xform_xpath>
		</fm:action>
		<transform_xpath>/mvc:eForm/mvc:Data/WorkitemContext/Process/ProcessVariables/selectOfficial</transform_xpath>
		<description />
	</element>
	<element name="HROS_PART_ID">
		<fm:action name="general" xmlns:fm="http://www.hyfinity.com/formmaker">
			<xform_xpath>/mvc:eForm/mvc:Data/WorkitemContext/Process/ProcessVariables/hroSpecialist</xform_xpath>
		</fm:action>
		<transform_xpath>/mvc:eForm/mvc:Data/WorkitemContext/Process/ProcessVariables/hroSpecialist</transform_xpath>
		<description />
	</element>
	<element name="CLASS_SPEC_PART_ID">
		<fm:action name="general" xmlns:fm="http://www.hyfinity.com/formmaker">
			<xform_xpath>/mvc:eForm/mvc:Data/WorkitemContext/Process/ProcessVariables/classSpecialist</xform_xpath>
		</fm:action>
		<transform_xpath>/mvc:eForm/mvc:Data/WorkitemContext/Process/ProcessVariables/classSpecialist</transform_xpath>
		<description />
	</element>
	<element name="genInitComplete">
		<fm:transform_xpath xmlns:fm="http://www.hyfinity.com/formmaker">/mvc:eForm/mvc:Data/mvc:formData/mvc:genInitComplete</fm:transform_xpath>
		<fm:action name="general" xmlns:fm="http://www.hyfinity.com/formmaker">
			<fm:xform_xpath>/mvc:eForm/mvc:Data/mvc:formData/mvc:genInitComplete</fm:xform_xpath>
		</fm:action>
	</element>
	<group name="REQ_INFO_GRD" />
	<group name="REQ_INFO_ROW_1" />
	<group name="REQ_INFO_ROW_2" />
	<group name="REQ_INFO_ROW_3" />
	<group name="REQ_INFO_ROW_4" />
	<group name="NF_VAL_GRD" />
	<group name="NF_VAL_ROW_1" />
	<group name="NF_VAL_ROW_2" />
	<group name="NF_VAL_ROW_3" />
	<element name="SO_AutoComplete">
		<fm:transform_xpath xmlns:fm="http://www.hyfinity.com/formmaker">/mvc:eForm/mvc:Data/mvc:formData/mvc:SO_AutoComplete</fm:transform_xpath>
		<action name="general">
			<xform_xpath>enter_xpath_here</xform_xpath>
		</action>
		<description />
	</element>
	<element name="SO_EMAIL">
		<fm:transform_xpath xmlns:fm="http://www.hyfinity.com/formmaker">/mvc:eForm/mvc:Data/mvc:formData/mvc:SO_EMAIL</fm:transform_xpath>
		<action name="general">
			<xform_xpath>enter_xpath_here</xform_xpath>
		</action>
		<description />
	</element>
	<element name="CIO_AutoComplete">
		<fm:transform_xpath xmlns:fm="http://www.hyfinity.com/formmaker">/mvc:eForm/mvc:Data/mvc:formData/mvc:CIO_AutoComplete</fm:transform_xpath>
		<description />
		<action name="general">
			<xform_xpath>enter_xpath_here</xform_xpath>
		</action>
	</element>
	<element name="CIO_EMAIL">
		<fm:transform_xpath xmlns:fm="http://www.hyfinity.com/formmaker">/mvc:eForm/mvc:Data/mvc:formData/mvc:CIO_EMAIL</fm:transform_xpath>
		<description />
		<action name="general">
			<xform_xpath>enter_xpath_here</xform_xpath>
		</action>
	</element>
	<element name="HROS_AutoComplete">
		<fm:transform_xpath xmlns:fm="http://www.hyfinity.com/formmaker">/mvc:eForm/mvc:Data/mvc:formData/mvc:HROS_AutoComplete</fm:transform_xpath>
		<action name="general">
			<xform_xpath>enter_xpath_here</xform_xpath>
		</action>
		<description />
	</element>
	<element name="HROS_EMAIL">
		<fm:transform_xpath xmlns:fm="http://www.hyfinity.com/formmaker">/mvc:eForm/mvc:Data/mvc:formData/mvc:HROS_EMAIL</fm:transform_xpath>
		<description />
		<action name="general">
			<xform_xpath>enter_xpath_here</xform_xpath>
		</action>
	</element>
	<element name="CLASS_SPEC_AutoComplete">
		<fm:transform_xpath xmlns:fm="http://www.hyfinity.com/formmaker">/mvc:eForm/mvc:Data/mvc:formData/mvc:CLASS_SPEC_AutoComplete</fm:transform_xpath>
		<description />
		<action name="general">
			<xform_xpath>enter_xpath_here</xform_xpath>
		</action>
	</element>
	<element name="CLASS_SPEC_EMAIL">
		<fm:transform_xpath xmlns:fm="http://www.hyfinity.com/formmaker">/mvc:eForm/mvc:Data/mvc:formData/mvc:CLASS_SPEC_EMAIL</fm:transform_xpath>
		<description />
		<action name="general">
			<xform_xpath>enter_xpath_here</xform_xpath>
		</action>
	</element>
	<element name="STF_VAL">
		<fm:action name="general" xmlns:fm="http://www.hyfinity.com/formmaker">
			<xform_xpath>/mvc:eForm/mvc:Data/mvc:formData/mvc:STF_VAL</xform_xpath>
		</fm:action>
		<transform_xpath>/mvc:eForm/mvc:Data/mvc:formData/mvc:STF_VAL</transform_xpath>
		<description />
	</element>
	<element name="STF_VAL_JUST">
		<fm:action name="general" xmlns:fm="http://www.hyfinity.com/formmaker">
			<xform_xpath>/mvc:eForm/mvc:Data/mvc:formData/mvc:STF_VAL_JUST</xform_xpath>
		</fm:action>
		<transform_xpath>/mvc:eForm/mvc:Data/mvc:formData/mvc:STF_VAL_JUST</transform_xpath>
		<description />
	</element>
	<element name="HIRE_GUIDE_REV">
		<fm:action name="general" xmlns:fm="http://www.hyfinity.com/formmaker">
			<xform_xpath>/mvc:eForm/mvc:Data/mvc:formData/mvc:HIRE_GUIDE_REV</xform_xpath>
		</fm:action>
		<transform_xpath>/mvc:eForm/mvc:Data/mvc:formData/mvc:HIRE_GUIDE_REV</transform_xpath>
		<description />
	</element>
	<element name="HIRE_GUIDE_REV_JUST">
		<fm:action name="general" xmlns:fm="http://www.hyfinity.com/formmaker">
			<xform_xpath>/mvc:eForm/mvc:Data/mvc:formData/mvc:HIRE_GUIDE_REV_JUST</xform_xpath>
		</fm:action>
		<transform_xpath>/mvc:eForm/mvc:Data/mvc:formData/mvc:HIRE_GUIDE_REV_JUST</transform_xpath>
		<description />
	</element>
	<element name="PBMS_ID">
		<fm:action name="general" xmlns:fm="http://www.hyfinity.com/formmaker">
			<fm:xform_xpath>/mvc:eForm/mvc:Data/mvc:formData/mvc:PBMS_ID</fm:xform_xpath>
		</fm:action>
		<fm:transform_xpath xmlns:fm="http://www.hyfinity.com/formmaker">/mvc:eForm/mvc:Data/mvc:formData/mvc:PBMS_ID</fm:transform_xpath>
	</element>
	<group name="SME_INFO_GRD" />
	<group name="SME_INFO_ROW_1" />
	<group name="SME_INFO_ROW_2" />
	<group name="SME_INFO_ROW_3" />
	<group name="SME_INFO_ROW_4" />
	<group name="SME_INFO_ROW_5" />
	<group name="SME_INFO_ROW_6" />
	<group name="SME_INFO_ROW_7" />
	<element name="SCC_NAME">
		<fm:action name="general" xmlns:fm="http://www.hyfinity.com/formmaker">
			<fm:xform_xpath>/mvc:eForm/mvc:Data/mvc:formData/mvc:SCC_NAME</fm:xform_xpath>
		</fm:action>
		<fm:transform_xpath xmlns:fm="http://www.hyfinity.com/formmaker">/mvc:eForm/mvc:Data/mvc:formData/mvc:SCC_NAME</fm:transform_xpath>
		<description />
	</element>
	<element name="SCC_EMAIL">
		<fm:action name="general" xmlns:fm="http://www.hyfinity.com/formmaker">
			<fm:xform_xpath>/mvc:eForm/mvc:Data/mvc:formData/mvc:SCC_EMAIL</fm:xform_xpath>
		</fm:action>
		<fm:transform_xpath xmlns:fm="http://www.hyfinity.com/formmaker">/mvc:eForm/mvc:Data/mvc:formData/mvc:SCC_EMAIL</fm:transform_xpath>
	</element>
	<element name="SCC_ORG">
		<fm:action name="general" xmlns:fm="http://www.hyfinity.com/formmaker">
			<fm:xform_xpath>/mvc:eForm/mvc:Data/mvc:formData/mvc:SCC_ORG</fm:xform_xpath>
		</fm:action>
		<fm:transform_xpath xmlns:fm="http://www.hyfinity.com/formmaker">/mvc:eForm/mvc:Data/mvc:formData/mvc:SCC_ORG</fm:transform_xpath>
	</element>
	<element name="SME_REQ">
		<fm:action name="general" xmlns:fm="http://www.hyfinity.com/formmaker">
			<xform_xpath>/mvc:eForm/mvc:Data/mvc:formData/mvc:SME_REQ</xform_xpath>
		</fm:action>
		<transform_xpath>/mvc:eForm/mvc:Data/mvc:formData/mvc:SME_REQ</transform_xpath>
		<description />
	</element>
	<element name="SME_INTERNAL_1">
		<fm:action name="general" xmlns:fm="http://www.hyfinity.com/formmaker">
			<fm:xform_xpath>/mvc:eForm/mvc:Data/mvc:formData/mvc:SME_INTERNAL_1</fm:xform_xpath>
		</fm:action>
		<transform_xpath>/mvc:eForm/mvc:Data/mvc:formData/mvc:SME_INTERNAL_1</transform_xpath>
		<description />
	</element>
	<element name="SME_NAME_1">
		<fm:action name="general" xmlns:fm="http://www.hyfinity.com/formmaker">
			<fm:xform_xpath>/mvc:eForm/mvc:Data/mvc:formData/mvc:SME_NAME_1</fm:xform_xpath>
		</fm:action>
		<fm:transform_xpath xmlns:fm="http://www.hyfinity.com/formmaker">/mvc:eForm/mvc:Data/mvc:formData/mvc:SME_NAME_1</fm:transform_xpath>
		<description />
	</element>
	<element name="SME_EMAIL_1">
		<fm:action name="general" xmlns:fm="http://www.hyfinity.com/formmaker">
			<xform_xpath>/mvc:eForm/mvc:Data/mvc:formData/mvc:SME_EMAIL_1</xform_xpath>
		</fm:action>
		<fm:transform_xpath xmlns:fm="http://www.hyfinity.com/formmaker">/mvc:eForm/mvc:Data/mvc:formData/mvc:SME_EMAIL_1</fm:transform_xpath>
		<description />
	</element>
	<element name="SME_ORG_1">
		<fm:action name="general" xmlns:fm="http://www.hyfinity.com/formmaker">
			<fm:xform_xpath>/mvc:eForm/mvc:Data/mvc:formData/mvc:SME_ORG_1</fm:xform_xpath>
		</fm:action>
		<fm:transform_xpath xmlns:fm="http://www.hyfinity.com/formmaker">/mvc:eForm/mvc:Data/mvc:formData/mvc:SME_ORG_1</fm:transform_xpath>
	</element>
	<element name="SME_INTERNAL_2">
		<fm:action name="general" xmlns:fm="http://www.hyfinity.com/formmaker">
			<fm:xform_xpath>/mvc:eForm/mvc:Data/mvc:formData/mvc:SME_INTERNAL_2</fm:xform_xpath>
		</fm:action>
		<fm:transform_xpath xmlns:fm="http://www.hyfinity.com/formmaker">/mvc:eForm/mvc:Data/mvc:formData/mvc:SME_INTERNAL_2</fm:transform_xpath>
	</element>
	<element name="SME_NAME_2">
		<fm:action name="general" xmlns:fm="http://www.hyfinity.com/formmaker">
			<fm:xform_xpath>/mvc:eForm/mvc:Data/mvc:formData/mvc:SME_NAME_2</fm:xform_xpath>
		</fm:action>
		<fm:transform_xpath xmlns:fm="http://www.hyfinity.com/formmaker">/mvc:eForm/mvc:Data/mvc:formData/mvc:SME_NAME_2</fm:transform_xpath>
	</element>
	<element name="SME_EMAIL_2">
		<fm:action name="general" xmlns:fm="http://www.hyfinity.com/formmaker">
			<fm:xform_xpath>/mvc:eForm/mvc:Data/mvc:formData/mvc:SME_EMAIL_2</fm:xform_xpath>
		</fm:action>
		<fm:transform_xpath xmlns:fm="http://www.hyfinity.com/formmaker">/mvc:eForm/mvc:Data/mvc:formData/mvc:SME_EMAIL_2</fm:transform_xpath>
	</element>
	<element name="SME_ORG_2">
		<fm:action name="general" xmlns:fm="http://www.hyfinity.com/formmaker">
			<fm:xform_xpath>/mvc:eForm/mvc:Data/mvc:formData/mvc:SME_ORG_2</fm:xform_xpath>
		</fm:action>
		<fm:transform_xpath xmlns:fm="http://www.hyfinity.com/formmaker">/mvc:eForm/mvc:Data/mvc:formData/mvc:SME_ORG_2</fm:transform_xpath>
	</element>
	<element name="SME_INTERNAL_3">
		<fm:action name="general" xmlns:fm="http://www.hyfinity.com/formmaker">
			<fm:xform_xpath>/mvc:eForm/mvc:Data/mvc:formData/mvc:SME_INTERNAL_3</fm:xform_xpath>
		</fm:action>
		<fm:transform_xpath xmlns:fm="http://www.hyfinity.com/formmaker">/mvc:eForm/mvc:Data/mvc:formData/mvc:SME_INTERNAL_3</fm:transform_xpath>
	</element>
	<element name="SME_NAME_3">
		<fm:action name="general" xmlns:fm="http://www.hyfinity.com/formmaker">
			<fm:xform_xpath>/mvc:eForm/mvc:Data/mvc:formData/mvc:SME_NAME_3</fm:xform_xpath>
		</fm:action>
		<fm:transform_xpath xmlns:fm="http://www.hyfinity.com/formmaker">/mvc:eForm/mvc:Data/mvc:formData/mvc:SME_NAME_3</fm:transform_xpath>
	</element>
	<element name="SME_EMAIL_3">
		<fm:action name="general" xmlns:fm="http://www.hyfinity.com/formmaker">
			<fm:xform_xpath>/mvc:eForm/mvc:Data/mvc:formData/mvc:SME_EMAIL_3</fm:xform_xpath>
		</fm:action>
		<fm:transform_xpath xmlns:fm="http://www.hyfinity.com/formmaker">/mvc:eForm/mvc:Data/mvc:formData/mvc:SME_EMAIL_3</fm:transform_xpath>
	</element>
	<element name="SME_ORG_3">
		<fm:action name="general" xmlns:fm="http://www.hyfinity.com/formmaker">
			<fm:xform_xpath>/mvc:eForm/mvc:Data/mvc:formData/mvc:SME_ORG_3</fm:xform_xpath>
		</fm:action>
		<fm:transform_xpath xmlns:fm="http://www.hyfinity.com/formmaker">/mvc:eForm/mvc:Data/mvc:formData/mvc:SME_ORG_3</fm:transform_xpath>
	</element>
	<element name="SME_INTERNAL_4">
		<fm:action name="general" xmlns:fm="http://www.hyfinity.com/formmaker">
			<fm:xform_xpath>/mvc:eForm/mvc:Data/mvc:formData/mvc:SME_INTERNAL_4</fm:xform_xpath>
		</fm:action>
		<fm:transform_xpath xmlns:fm="http://www.hyfinity.com/formmaker">/mvc:eForm/mvc:Data/mvc:formData/mvc:SME_INTERNAL_4</fm:transform_xpath>
	</element>
	<element name="SME_NAME_4">
		<fm:action name="general" xmlns:fm="http://www.hyfinity.com/formmaker">
			<fm:xform_xpath>/mvc:eForm/mvc:Data/mvc:formData/mvc:SME_NAME_4</fm:xform_xpath>
		</fm:action>
		<fm:transform_xpath xmlns:fm="http://www.hyfinity.com/formmaker">/mvc:eForm/mvc:Data/mvc:formData/mvc:SME_NAME_4</fm:transform_xpath>
	</element>
	<element name="SME_EMAIL_4">
		<fm:action name="general" xmlns:fm="http://www.hyfinity.com/formmaker">
			<fm:xform_xpath>/mvc:eForm/mvc:Data/mvc:formData/mvc:SME_EMAIL_4</fm:xform_xpath>
		</fm:action>
		<fm:transform_xpath xmlns:fm="http://www.hyfinity.com/formmaker">/mvc:eForm/mvc:Data/mvc:formData/mvc:SME_EMAIL_4</fm:transform_xpath>
	</element>
	<element name="SME_ORG_4">
		<fm:action name="general" xmlns:fm="http://www.hyfinity.com/formmaker">
			<fm:xform_xpath>/mvc:eForm/mvc:Data/mvc:formData/mvc:SME_ORG_4</fm:xform_xpath>
		</fm:action>
		<fm:transform_xpath xmlns:fm="http://www.hyfinity.com/formmaker">/mvc:eForm/mvc:Data/mvc:formData/mvc:SME_ORG_4</fm:transform_xpath>
	</element>
	<element name="SME_INTERNAL_5">
		<fm:action name="general" xmlns:fm="http://www.hyfinity.com/formmaker">
			<fm:xform_xpath>/mvc:eForm/mvc:Data/mvc:formData/mvc:SME_INTERNAL_5</fm:xform_xpath>
		</fm:action>
		<fm:transform_xpath xmlns:fm="http://www.hyfinity.com/formmaker">/mvc:eForm/mvc:Data/mvc:formData/mvc:SME_INTERNAL_5</fm:transform_xpath>
	</element>
	<element name="SME_NAME_5">
		<fm:action name="general" xmlns:fm="http://www.hyfinity.com/formmaker">
			<xform_xpath>/mvc:eForm/mvc:Data/mvc:formData/mvc:SME_NAME_5</xform_xpath>
		</fm:action>
		<fm:transform_xpath xmlns:fm="http://www.hyfinity.com/formmaker">/mvc:eForm/mvc:Data/mvc:formData/mvc:SME_NAME_5</fm:transform_xpath>
	</element>
	<element name="SME_EMAIL_5">
		<fm:action name="general" xmlns:fm="http://www.hyfinity.com/formmaker">
			<fm:xform_xpath>/mvc:eForm/mvc:Data/mvc:formData/mvc:SME_EMAIL_5</fm:xform_xpath>
		</fm:action>
		<fm:transform_xpath xmlns:fm="http://www.hyfinity.com/formmaker">/mvc:eForm/mvc:Data/mvc:formData/mvc:SME_EMAIL_5</fm:transform_xpath>
	</element>
	<element name="SME_ORG_5">
		<fm:action name="general" xmlns:fm="http://www.hyfinity.com/formmaker">
			<fm:xform_xpath>/mvc:eForm/mvc:Data/mvc:formData/mvc:SME_ORG_5</fm:xform_xpath>
		</fm:action>
		<fm:transform_xpath xmlns:fm="http://www.hyfinity.com/formmaker">/mvc:eForm/mvc:Data/mvc:formData/mvc:SME_ORG_5</fm:transform_xpath>
	</element>
	<group name="group_general" />
	<group name="layout_group" />
	<group name="NF_VAL_ROW_4" />
	<element name="HHS_APPROVE">
		<fm:action name="general" xmlns:fm="http://www.hyfinity.com/formmaker">
			<xform_xpath>/mvc:eForm/mvc:Data/mvc:formData/mvc:HHS_APPROVE</xform_xpath>
		</fm:action>
		<transform_xpath>/mvc:eForm/mvc:Data/mvc:formData/mvc:HHS_APPROVE</transform_xpath>
		<description />
	</element>
	<element name="HHS_APPROVE_JUST">
		<fm:action name="general" xmlns:fm="http://www.hyfinity.com/formmaker">
			<xform_xpath>/mvc:eForm/mvc:Data/mvc:formData/mvc:HHS_APPROVE_JUST</xform_xpath>
		</fm:action>
		<transform_xpath>/mvc:eForm/mvc:Data/mvc:formData/mvc:HHS_APPROVE_JUST</transform_xpath>
		<description />
	</element>
	<element name="ADD_SMEs">
		<fm:transform_xpath xmlns:fm="http://www.hyfinity.com/formmaker">/mvc:eForm/mvc:Data/mvc:formData/mvc:ADD_SMEs</fm:transform_xpath>
		<fm:action name="general" xmlns:fm="http://www.hyfinity.com/formmaker">
			<fm:xform_xpath>/mvc:eForm/mvc:Data/mvc:formData/mvc:ADD_SMEs</fm:xform_xpath>
		</fm:action>
	</element>
	<element name="HM_ID">
		<fm:action name="general" xmlns:fm="http://www.hyfinity.com/formmaker">
			<xform_xpath>/mvc:eForm/mvc:Data/WorkitemContext/Process/ProcessVariables/hiringMethod</xform_xpath>
		</fm:action>
		<transform_xpath>/mvc:eForm/mvc:Data/WorkitemContext/Process/ProcessVariables/hiringMethod</transform_xpath>
		<repeat_xpath>/mvc:eForm/mvc:Data/lookup/record[LTYPE='HireMethod' and ACTIVE='1']</repeat_xpath>
		<value_xpath>LABEL</value_xpath>
		<text_xpath>LABEL</text_xpath>
		<description />
	</element>
	<element name="REQUEST_TYPE">
		<fm:action name="general" xmlns:fm="http://www.hyfinity.com/formmaker">
			<xform_xpath>/mvc:eForm/mvc:Data/WorkitemContext/Process/ProcessVariables/requestType</xform_xpath>
		</fm:action>
		<transform_xpath>/mvc:eForm/mvc:Data/WorkitemContext/Process/ProcessVariables/requestType</transform_xpath>
		<repeat_xpath>/mvc:eForm/mvc:Data/lookup/record[LTYPE='RequestType_Recruitment' and ACTIVE='1']</repeat_xpath>
		<value_xpath>LABEL</value_xpath>
		<text_xpath>LABEL</text_xpath>
		<description />
	</element>
	<element name="ADMIN_CD">
		<fm:action name="general" xmlns:fm="http://www.hyfinity.com/formmaker">
			<xform_xpath>/mvc:eForm/mvc:Data/WorkitemContext/Process/ProcessVariables/adminCode</xform_xpath>
		</fm:action>
		<transform_xpath>/mvc:eForm/mvc:Data/WorkitemContext/Process/ProcessVariables/adminCode</transform_xpath>
		<description />
	</element>
	<element name="ORG_NAME">
		<action name="general">
			<xform_xpath>/mvc:eForm/mvc:Data/mvc:formData/mvc:ORG_NAME</xform_xpath>
		</action>
		<transform_xpath>/mvc:eForm/mvc:Data/mvc:formData/mvc:ORG_NAME</transform_xpath>
		<description />
	</element>
</xforms>
