<?xml version="1.0" encoding="UTF-8"?>
<xforms xmlns:mvc="http://www.hyfinity.com/mvc" xmlns="http://www.hyfinity.com/formmaker">
	<instance_configuration />
	<page />
	<group name="hidden_general" />
	<group name="hidden_fields_grid" />
	<element name="CERT_CLASS_PART_ID">
		<transform_xpath>/mvc:eForm/mvc:Data/WorkitemContext/Process/ProcessVariables/classSpecialist</transform_xpath>
		<fm:action name="concurrence" xmlns:fm="http://www.hyfinity.com/formmaker">
			<fm:xform_xpath>/mvc:eForm/mvc:Data/mvc:formData/mvc:CERT_CLASS_PART_ID</fm:xform_xpath>
		</fm:action>
		<description />
	</element>
	<element name="CERT_IMMEDIATE_SUP_PART_ID">
		<fm:action name="concurrence" xmlns:fm="http://www.hyfinity.com/formmaker">
			<xform_xpath>/mvc:eForm/mvc:Data/WorkitemContext/Process/ProcessVariables/cioAdminPOC</xform_xpath>
		</fm:action>
		<transform_xpath>enter_xpath_here</transform_xpath>
		<description />
	</element>
	<element name="HIGHER_SUP_REQUEST_PART_ID">
		<fm:action name="concurrence" xmlns:fm="http://www.hyfinity.com/formmaker">
			<xform_xpath>/mvc:eForm/mvc:Data/WorkitemContext/Process/ProcessVariables/higherSupervisor</xform_xpath>
		</fm:action>
		<transform_xpath>/mvc:eForm/mvc:Data/WorkitemContext/Process/ProcessVariables/higherSupervisor</transform_xpath>
		<description />
	</element>
	<element name="CERT_HIGHER_SUP_PART_ID">
		<fm:action name="concurrence" xmlns:fm="http://www.hyfinity.com/formmaker">
			<xform_xpath>/mvc:eForm/mvc:Data/WorkitemContext/Process/ProcessVariables/hroSpecialist</xform_xpath>
		</fm:action>
		<transform_xpath>enter_xpath_here</transform_xpath>
		<description />
	</element>
	<element name="concInitComplete">
		<description />
		<transform_xpath>enter_xpath_here</transform_xpath>
		<fm:action name="concurrence" xmlns:fm="http://www.hyfinity.com/formmaker">
			<fm:xform_xpath>/mvc:eForm/mvc:Data/mvc:formData/mvc:concInitComplete</fm:xform_xpath>
		</fm:action>
	</element>
	<element name="CERT_IMMEDIATE_SUP_NAME">
		<fm:transform_xpath xmlns:fm="http://www.hyfinity.com/formmaker">/mvc:eForm/mvc:Data/mvc:formData/mvc:CERT_IMMEDIATE_SUP_NAME</fm:transform_xpath>
		<fm:action name="concurrence" xmlns:fm="http://www.hyfinity.com/formmaker">
			<xform_xpath>enter_xpath_here</xform_xpath>
		</fm:action>
		<description />
	</element>
	<element name="HIGHER_SUP_REQUEST">
		<fm:transform_xpath xmlns:fm="http://www.hyfinity.com/formmaker">/mvc:eForm/mvc:Data/mvc:formData/mvc:HIGHER_SUP_REQUEST</fm:transform_xpath>
		<fm:action name="concurrence" xmlns:fm="http://www.hyfinity.com/formmaker">
			<xform_xpath>enter_xpath_here</xform_xpath>
		</fm:action>
		<description />
	</element>
	<element name="HIGHER_SUP_EMAIL">
		<description />
		<fm:transform_xpath xmlns:fm="http://www.hyfinity.com/formmaker">/mvc:eForm/mvc:Data/mvc:formData/mvc:HIGHER_SUP_EMAIL</fm:transform_xpath>
		<fm:action name="concurrence" xmlns:fm="http://www.hyfinity.com/formmaker">
			<xform_xpath>enter_xpath_here</xform_xpath>
		</fm:action>
	</element>
	<group name="group_concurrence" />
	<group name="ERROR_GRD" />
	<group name="IMMEDIATE_SUP_GRD" />
	<group name="IMMEDIATE_SUP_ROW_1" />
	<group name="IMMEDIATE_SUP_ROW_2" />
	<group name="IMMEDIATE_SUP_ROW_3" />
	<element name="CERT_IMMEDIATE_SUP">
		<fm:action name="concurrence" xmlns:fm="http://www.hyfinity.com/formmaker">
			<xform_xpath>/mvc:eForm/mvc:Data/mvc:formData/mvc:CERT_IMMEDIATE_SUP</xform_xpath>
		</fm:action>
		<transform_xpath>enter_xpath_here</transform_xpath>
		<description />
	</element>
	<element name="CERT_IMMEDIATE_SUP_DATE">
		<fm:action name="concurrence" xmlns:fm="http://www.hyfinity.com/formmaker">
			<fm:xform_xpath>/mvc:eForm/mvc:Data/mvc:formData/mvc:CERT_IMMEDIATE_SUP_DATE</fm:xform_xpath>
		</fm:action>
		<transform_xpath>enter_xpath_here</transform_xpath>
		<description />
	</element>
	<element name="HIGHER_SUP_NEEDED">
		<fm:action name="concurrence" xmlns:fm="http://www.hyfinity.com/formmaker">
			<xform_xpath>/mvc:eForm/mvc:Data/WorkitemContext/Process/ProcessVariables/managerConcurRequired</xform_xpath>
		</fm:action>
		<transform_xpath>/mvc:eForm/mvc:Data/WorkitemContext/Process/ProcessVariables/managerConcurRequired</transform_xpath>
		<description />
	</element>
	<group name="HIGHER_SUP_GRD" />
	<group name="HIGHER_SUP_ROW_1" />
	<group name="HIGHER_SUP_ROW_2" />
	<element name="CERT_HIGHER_SUP_NAME">
		<fm:transform_xpath xmlns:fm="http://www.hyfinity.com/formmaker">/mvc:eForm/mvc:Data/mvc:formData/mvc:CERT_HIGHER_SUP_NAME</fm:transform_xpath>
		<fm:action name="concurrence" xmlns:fm="http://www.hyfinity.com/formmaker">
			<xform_xpath>enter_xpath_here</xform_xpath>
		</fm:action>
		<description />
	</element>
	<element name="CERT_HIGHER_SUP">
		<fm:action name="concurrence" xmlns:fm="http://www.hyfinity.com/formmaker">
			<fm:xform_xpath>/mvc:eForm/mvc:Data/mvc:formData/mvc:CERT_HIGHER_SUP</fm:xform_xpath>
		</fm:action>
		<transform_xpath>enter_xpath_here</transform_xpath>
		<description />
	</element>
	<element name="CERT_HIGHER_SUP_DATE">
		<fm:action name="concurrence" xmlns:fm="http://www.hyfinity.com/formmaker">
			<fm:xform_xpath>/mvc:eForm/mvc:Data/mvc:formData/mvc:CERT_HIGHER_SUP_DATE</fm:xform_xpath>
		</fm:action>
		<transform_xpath>enter_xpath_here</transform_xpath>
		<description />
	</element>
	<group name="CLASS_GRD" />
	<group name="CLASS_ROW_1" />
	<group name="CLASS_ROW_2" />
	<element name="CERT_CLASS_NAME">
		<fm:transform_xpath xmlns:fm="http://www.hyfinity.com/formmaker">/mvc:eForm/mvc:Data/mvc:formData/mvc:CERT_CLASS_NAME</fm:transform_xpath>
		<fm:action name="concurrence" xmlns:fm="http://www.hyfinity.com/formmaker">
			<xform_xpath>enter_xpath_here</xform_xpath>
		</fm:action>
		<description />
	</element>
	<element name="CERT_CLASS">
		<fm:action name="concurrence" xmlns:fm="http://www.hyfinity.com/formmaker">
			<fm:xform_xpath>/mvc:eForm/mvc:Data/mvc:formData/mvc:CERT_CLASS</fm:xform_xpath>
		</fm:action>
		<transform_xpath>enter_xpath_here</transform_xpath>
		<description />
	</element>
	<element name="CERT_CLASS_DATE">
		<fm:action name="concurrence" xmlns:fm="http://www.hyfinity.com/formmaker">
			<fm:xform_xpath>/mvc:eForm/mvc:Data/mvc:formData/mvc:CERT_CLASS_DATE</fm:xform_xpath>
		</fm:action>
		<transform_xpath>enter_xpath_here</transform_xpath>
		<description />
	</element>
	<element name="CERT_CLASS_DATE_BFDATE">
		<fm:transform_xpath xmlns:fm="http://www.hyfinity.com/formmaker">/mvc:eForm/mvc:Data/mvc:formData/mvc:CERT_CLASS_DATE_BFDATE</fm:transform_xpath>
		<fm:action name="concurrence" xmlns:fm="http://www.hyfinity.com/formmaker">
			<fm:xform_xpath>/mvc:eForm/mvc:Data/mvc:formData/mvc:CERT_CLASS_DATE_BFDATE</fm:xform_xpath>
		</fm:action>
	</element>
	<element name="CERT_HIGHER_SUP_DATE_BFDATE">
		<fm:action name="concurrence" xmlns:fm="http://www.hyfinity.com/formmaker">
			<fm:xform_xpath>/mvc:eForm/mvc:Data/mvc:formData/mvc:CERT_HIGHER_SUP_DATE_BFDATE</fm:xform_xpath>
		</fm:action>
		<transform_xpath>enter_xpath_here</transform_xpath>
		<description />
	</element>
	<element name="CERT_IMMEDIATE_SUP_DATE_BFDATE">
		<fm:action name="concurrence" xmlns:fm="http://www.hyfinity.com/formmaker">
			<fm:xform_xpath>/mvc:eForm/mvc:Data/mvc:formData/mvc:CERT_IMMEDIATE_SUP_DATE_BFDATE</fm:xform_xpath>
		</fm:action>
		<transform_xpath>enter_xpath_here</transform_xpath>
		<description />
	</element>
	<element name="current_user_name">
		<fm:action name="concurrence" xmlns:fm="http://www.hyfinity.com/formmaker">
			<fm:xform_xpath>/mvc:eForm/mvc:Data/mvc:formData/mvc:current_user_name</fm:xform_xpath>
		</fm:action>
		<transform_xpath>/mvc:eForm/mvc:Data/WorkitemContext/User/Name</transform_xpath>
		<description />
	</element>
	<element name="current_user_memberid">
		<fm:action name="concurrence" xmlns:fm="http://www.hyfinity.com/formmaker">
			<fm:xform_xpath>/mvc:eForm/mvc:Data/mvc:formData/mvc:current_user_memberid</fm:xform_xpath>
		</fm:action>
		<transform_xpath>/mvc:eForm/mvc:Data/WorkitemContext/User/MemberID</transform_xpath>
		<description />
	</element>
	<element name="current_user_title">
		<fm:action name="concurrence" xmlns:fm="http://www.hyfinity.com/formmaker">
			<fm:xform_xpath>/mvc:eForm/mvc:Data/mvc:formData/mvc:current_user_title</fm:xform_xpath>
		</fm:action>
		<transform_xpath>/mvc:eForm/mvc:Data/WorkitemContext/User/JobTitle1</transform_xpath>
		<description />
	</element>
	<element name="curActivity">
		<fm:action name="concurrence" xmlns:fm="http://www.hyfinity.com/formmaker">
			<xform_xpath>enter_xpath_here</xform_xpath>
		</fm:action>
		<transform_xpath>/mvc:eForm/mvc:Data/WorkitemContext/Activity/Name</transform_xpath>
		<description />
	</element>
</xforms>
