<?xml version="1.0" encoding="UTF-8"?>
<pattern base="CDC/mvc/p2w_general/L3_pattern_instance_pool/workflowdb.xml" desc="The DB_Connection pattern should be used to represent a RDBMS. After cloning, the Database node needs to be deployed appropriately using the 'Advanced Deployment' options. The easiest option to set up a database connection is to use the 'Create Connection' option available through the RuleMaker SQL operator, rather than cloning this pattern directly." image="260" name="workflowdb.xml" pattern_id="workflowdb" version="" xmlns="http://www.hyfinity.com/xfactory" xmlns:xg="http://www.hyfinity.com/xgate">
	<nodes>
		<node desc="The Database node provides a design time representation of the actual database that will be used at runtime." image="260" name="Database" node_id="Database" protocol="" runtime_instance="" runtime_location="" type="" xpos="243" ypos="182">
			<actions>
				<action alias="Query" content_type="xml" desc="" name="requestInboundService">
					<input desc="" message_name="" message_ref="" name="request" type="org.w3c.dom.Node" />
					<output desc="" message_name="" message_ref="" name="response" type="org.w3c.dom.Node" />
				</action>
			</actions>
			<engine desc="" name="" runtime_instance="com.hyfinity.xengine.XEngine" type="xengine">
				<logicsheet desc="" logicsheet_ref="apt_pm_approval_Logicsheet_pool" name="workflowdb_Database_rules.xml" />
				<other_resources />
			</engine>
		</node>
	</nodes>
</pattern>
