<?xml version="1.0" encoding="UTF-8"?>
<fm:structure xmlns:fm="http://www.hyfinity.com/formmaker">
	<form_details xmlns="http://www.hyfinity.com/formmaker">
		<error_highlight_method alert="false" as_you_type="true" validation_mode="all">bubble</error_highlight_method>
		<hint_display_method>tooltip</hint_display_method>
		<top_level_message class="topLevelMessage" required="false" style="" />
		<mark_mandatory class="mandatory" location="after_label" required="true" style=""> * </mark_mandatory>
		<description>Enter a description.</description>
		<page_background_style class="" style="" />
		<page_content_style class="" style="" />
		<page_events>
			<events>
				<event id="onload">
					<action id="CustomScript">
						<param name="Script" option="Script">aptGen.init();</param>
					</action>
				</event>
				<event id="onbeforeload">
					<action id="FunctionCall">
						<param name="Function" option="Static" value="require" />
						<param name="Parameters" option="Script" value="[&quot;dijit/form/NumberTextBox&quot;]" />
					</action>
				</event>
			</events>
		</page_events>
		<external_events />
	</form_details>
	<fm:group border_styling="false" compatability="false" fieldset="false" gen_method="layout" hide="false" label_position="left" name="group_general" submit_if_hidden="true">
		<label class="label" options="static" position="outside_group" position_override="top" required="false" style="" type="static" value="Layout Group" xmlns="http://www.hyfinity.com/formmaker">
			<container class="groupLabelBackground" options="static" style="" />
		</label>
		<style class="" options="static" style="" xmlns="http://www.hyfinity.com/formmaker" />
		<fm:content_alignment distribution="vertical" halign="left" valign="top" />
		<fm:sizing height="fit_to_content" width="fully_expand" />
		<palette_ref control="Layout Group" xmlns="http://www.hyfinity.com/formmaker" />
		<fm:group border_styling="false" compatability="false" conditional_display="false" control_field="" control_field_value="" fieldset="false" gen_method="layout" hide="false" label_position="left" name="layout_group" submit_if_hidden="true">
			<label class="label" options="static" position="outside_group" position_override="top" required="false" style="" type="static" value="Layout Group" xmlns="http://www.hyfinity.com/formmaker">
				<container class="groupLabelBackground" options="static" style="" />
			</label>
			<style class="" options="static" style="" xmlns="http://www.hyfinity.com/formmaker" />
			<fm:content_alignment distribution="vertical" halign="left" valign="top" />
			<fm:sizing height="fit_to_content" width="fully_expand" />
			<palette_ref control="Layout Group" xmlns="http://www.hyfinity.com/formmaker" />
			<fm:custom name="genError" type="custom">
				<fm:code>
					<div class="customControl" xmlns="">
						<p id="reqmsg-tab1" tabindex="0">Items marked with a * are required.</p>
						<p id="errcnt-tab1"></p>
						<ul id="errlist-tab1" />
					</div>
					<style xmlns="">
    .org-display {width: 350px}
</style>
				</fm:code>
				<fm:description>Enter a description.</fm:description>
				<palette_ref control="Custom" xmlns="http://www.hyfinity.com/formmaker" />
			</fm:custom>
		</fm:group>
		<fm:group border_styling="false" compatability="false" fieldset="false" gen_method="grid" hide="false" label_position="left" name="REQ_TYPE_GRD" submit_if_hidden="true">
			<label class="label" options="static" position="outside_group" position_override="top" required="false" style="" type="static" value="Layout Grid" xmlns="http://www.hyfinity.com/formmaker">
				<container class="groupLabelBackground" options="static" style="">
					<content_alignment distribution="vertical" halign="left" valign="middle" />
					<sizing height="custom" width="fully_expand" />
				</container>
			</label>
			<style class="" options="static" style="" xmlns="http://www.hyfinity.com/formmaker" />
			<fm:grid_structure cols="1" rows="1">
				<fm:grid_component col="1" name="REQ_TYPE_ROW_1" row="1" />
			</fm:grid_structure>
			<fm:palette_ref control="One Column" />
			<fm:sizing height="fit_to_content" width="fit_to_content" />
			<fm:group border_styling="false" compatability="false" fieldset="false" gen_method="layout" hide="false" label_position="top" name="REQ_TYPE_ROW_1" submit_if_hidden="true">
				<label class="label" options="static" position="outside_group" position_override="top" required="false" style="" type="static" value="Container Group" xmlns="http://www.hyfinity.com/formmaker">
					<container class="groupLabelBackground" options="static" style="">
						<content_alignment distribution="vertical" />
					</container>
				</label>
				<style class="" options="static" style="width:100%;" xmlns="http://www.hyfinity.com/formmaker" />
				<fm:palette_ref control="Layout Group" />
				<fm:content_alignment distribution="horizontal" halign="left" valign="top" />
				<fm:sizing height="fit_to_content" width="custom" />
				<fm:element disable="false" disable_method="disabled" generate="true" hide="false" name="REQUEST_TYPE">
					<field xmlns="http://www.hyfinity.com/formmaker">
						<input dropdown_default="Select One" options="dynamic">select</input>
						<style class="defaultBackground selectControl" options="static" style="" />
						<element_style class="select" options="static" style="width : 250px;" />
						<date_picker class="" content="" required="false" type="normal" />
						<label class="label" options="static" required="true" style="" type="static" value="Request Type">
							<container class="labelBackground labelControl" options="static" />
						</label>
						<container />
					</field>
					<constraints validate="true" xmlns="http://www.hyfinity.com/formmaker">
						<type>string</type>
						<required>false</required>
						<enumeration use_for_output="false">
							<include value="ListItem1">List Item 1</include>
							<include value="ListItem2">List Item 2</include>
							<include value="ListItem3">List Item 3</include>
						</enumeration>
					</constraints>
					<error xmlns="http://www.hyfinity.com/formmaker">
						<hint class="hintIcon" style="" use="false">Enter a hint here.</hint>
						<server class="errorIcon" retain="false" style="" use="false" />
						<message_override>You must select a valid Request Type.</message_override>
					</error>
					<palette_ref control="Select Box" xmlns="http://www.hyfinity.com/formmaker" />
					<disable required="true" xmlns="http://www.hyfinity.com/formmaker">
						<check id="field_value_condition">
							<param name="FieldToCheck" option="Static" value="1" />
							<param name="Comparison" option="==" />
							<param name="CheckValue" option="Static" value="1" />
						</check>
					</disable>
					<accessibility xmlns="http://www.hyfinity.com/formmaker">
						<alt>Selected Request Type</alt>
					</accessibility>
				</fm:element>
				<fm:element disable="false" disable_method="disabled" generate="true" hide="false" name="HM_ID">
					<field xmlns="http://www.hyfinity.com/formmaker">
						<input dropdown_default="Select One" options="dynamic">select</input>
						<style class="defaultBackground selectControl" options="static" style="" />
						<element_style class="select" options="static" style="width : 250px;" />
						<date_picker class="" content="" required="false" type="normal" />
						<label class="label" options="static" required="true" style="" type="static" value="Hiring Method ">
							<container class="labelBackground labelControl" options="static" />
						</label>
						<container />
					</field>
					<constraints validate="true" xmlns="http://www.hyfinity.com/formmaker">
						<type>string</type>
						<required>true</required>
						<enumeration use_for_output="false">
							<include value="Title 5">Title 5</include>
							<include value="Title 42">Title 42</include>
							<include value="SES/SL/ST">SES/SL/ST</include>
						</enumeration>
					</constraints>
					<error xmlns="http://www.hyfinity.com/formmaker">
						<hint class="hintIcon" style="" use="false">Enter a hint here.</hint>
						<server class="errorIcon" retain="false" style="" use="false" />
						<message_override>You must select a valid Hiring Method.</message_override>
					</error>
					<palette_ref control="Select Box" xmlns="http://www.hyfinity.com/formmaker" />
					<accessibility xmlns="http://www.hyfinity.com/formmaker">
						<alt>Select a valid Hiring Method</alt>
					</accessibility>
				</fm:element>
			</fm:group>
			<content_alignment distribution="vertical" halign="left" valign="top" xmlns="http://www.hyfinity.com/formmaker" />
		</fm:group>
		<fm:group border_styling="false" compatability="false" fieldset="false" gen_method="grid" hide="false" label_position="left" name="NON_COMP_TYPE_GRD" submit_if_hidden="true">
			<label class="label" options="static" position="outside_group" position_override="top" required="false" style="" type="static" value="Layout Grid" xmlns="http://www.hyfinity.com/formmaker">
				<container class="groupLabelBackground" options="static" style="">
					<content_alignment distribution="vertical" halign="left" valign="middle" />
					<sizing height="custom" width="fully_expand" />
				</container>
			</label>
			<style class="" options="static" style="" xmlns="http://www.hyfinity.com/formmaker" />
			<fm:grid_structure cols="1" rows="1">
				<grid_component col="1" name="NON_COMP_TYPE_ROW_1" row="1" xmlns="http://www.hyfinity.com/formmaker" />
			</fm:grid_structure>
			<fm:palette_ref control="One Column" />
			<fm:sizing height="fit_to_content" width="fully_expand" />
			<content_alignment distribution="vertical" halign="left" valign="top" xmlns="http://www.hyfinity.com/formmaker" />
			<fm:group border_styling="false" compatability="false" fieldset="false" gen_method="layout" hide="false" label_position="top" name="NON_COMP_TYPE_ROW_1" submit_if_hidden="true">
				<label class="label" options="static" position="outside_group" position_override="top" required="false" style="" type="static" value="Container Group" xmlns="http://www.hyfinity.com/formmaker">
					<container class="groupLabelBackground" options="static" style="">
						<content_alignment distribution="vertical" />
					</container>
				</label>
				<style class="" options="static" style="width:100%;" xmlns="http://www.hyfinity.com/formmaker" />
				<fm:palette_ref control="Layout Group" />
				<fm:content_alignment distribution="horizontal" halign="left" valign="top" />
				<fm:sizing height="fit_to_content" width="custom" />
				<fm:element disable="false" disable_method="disabled" generate="true" hide="false" name="NON_COMP_TYPE">
					<field xmlns="http://www.hyfinity.com/formmaker">
						<input dropdown_default="Select One" options="dynamic">select</input>
						<style class="defaultBackground selectControl" options="static" style="" />
						<element_style class="select" options="static" style="width : 250px;" />
						<date_picker class="" content="" required="false" type="normal" />
						<label class="label" options="static" required="true" style="" type="static" value="Non-Competitive Type">
							<container class="labelBackground labelControl" options="static" />
						</label>
						<container />
					</field>
					<constraints validate="true" xmlns="http://www.hyfinity.com/formmaker">
						<type>string</type>
						<required>true</required>
						<enumeration use_for_output="false">
							<include value="ListItem1">List Item 1</include>
							<include value="ListItem2">List Item 2</include>
							<include value="ListItem3">List Item 3</include>
						</enumeration>
					</constraints>
					<error xmlns="http://www.hyfinity.com/formmaker">
						<hint class="hintIcon" style="" use="false">Enter a hint here.</hint>
						<server class="errorIcon" retain="false" style="" use="false" />
						<message_override>You must select a valid Non-Competitive Type.</message_override>
					</error>
					<palette_ref control="Select Box" xmlns="http://www.hyfinity.com/formmaker" />
					<disable required="false" xmlns="http://www.hyfinity.com/formmaker">
						<check id="field_value_condition">
							<param name="FieldToCheck" option="Static" value="1" />
							<param name="Comparison" option="==" />
							<param name="CheckValue" option="Static" value="1" />
						</check>
					</disable>
					<accessibility xmlns="http://www.hyfinity.com/formmaker">
						<alt>Select a valid Non-Competitive Type</alt>
					</accessibility>
				</fm:element>
			</fm:group>
		</fm:group>
		<fm:group border_styling="false" compatability="false" fieldset="false" gen_method="grid" hide="false" label_position="left" name="ADMIN_ORG_GRD" submit_if_hidden="true">
			<label class="label" options="static" position="outside_group" position_override="top" required="false" style="" type="static" value="Layout Grid" xmlns="http://www.hyfinity.com/formmaker">
				<container class="groupLabelBackground" options="static" style="">
					<content_alignment distribution="vertical" halign="left" valign="middle" />
					<sizing height="custom" width="fully_expand" />
				</container>
			</label>
			<style class="" options="static" style="" xmlns="http://www.hyfinity.com/formmaker" />
			<fm:grid_structure cols="1" rows="1">
				<grid_component col="1" name="ADMIN_ORG_ROW_1" row="1" xmlns="http://www.hyfinity.com/formmaker" />
			</fm:grid_structure>
			<fm:palette_ref control="One Column" />
			<fm:sizing height="fit_to_content" width="fully_expand" />
			<content_alignment distribution="vertical" halign="left" valign="top" xmlns="http://www.hyfinity.com/formmaker" />
			<fm:group border_styling="false" compatability="false" fieldset="false" gen_method="layout" hide="false" label_position="top" name="ADMIN_ORG_ROW_1" submit_if_hidden="true">
				<label class="label" options="static" position="outside_group" position_override="top" required="false" style="" type="static" value="Container Group" xmlns="http://www.hyfinity.com/formmaker">
					<container class="groupLabelBackground" options="static" style="">
						<content_alignment distribution="vertical" />
					</container>
				</label>
				<style class="" options="static" style="width:100%;" xmlns="http://www.hyfinity.com/formmaker" />
				<fm:palette_ref control="Layout Group" />
				<fm:content_alignment distribution="horizontal" halign="left" valign="top" />
				<fm:sizing height="fit_to_content" width="custom" />
				<fm:element disable="false" disable_method="read_only" generate="true" hide="false" name="ADMIN_CD">
					<field xmlns="http://www.hyfinity.com/formmaker">
						<input options="dynamic">text</input>
						<style class="defaultBackground textboxControl" options="static" style="" />
						<element_style class="textbox js-autocomplete" options="static" style="width : 250px;" />
						<date_picker class="datePickerIcon" content="" required="false" type="normal" />
						<label class="label" options="static" required="true" style="" type="static" value="Administration Code">
							<container class="labelBackground labelControl" options="static" />
						</label>
						<container />
					</field>
					<constraints validate="true" xmlns="http://www.hyfinity.com/formmaker">
						<type>string</type>
						<required>true</required>
						<maxLength>20</maxLength>
						<enumeration use_for_output="false" />
					</constraints>
					<error xmlns="http://www.hyfinity.com/formmaker">
						<hint class="hintIcon" style="" use="false">Enter a hint here.</hint>
						<server class="errorIcon" retain="false" style="" use="false" />
						<message_override>Administration Code is required. </message_override>
					</error>
					<palette_ref control="Text Box" xmlns="http://www.hyfinity.com/formmaker" />
					<custom_attributes xmlns="http://www.hyfinity.com/formmaker">
						<attribute name="data-autocompleteurl" type="custom" value="SearchAdmOffOrg.do?searchAdmOff=" />
						<attribute name="data-autocompletelabels" type="custom" value="AC_ADMIN_CD,AC_ADMIN_CD_DESCR" />
						<attribute name="data-autocompletevaluename" type="custom" value="AC_ADMIN_CD" />
						<attribute name="data-autocompleteothers" type="custom" value="ORG_NAME:AC_ADMIN_CD_DESCR,pv_orgName:AC_ADMIN_CD_DESCR" />
					</custom_attributes>
					<accessibility xmlns="http://www.hyfinity.com/formmaker">
						<alt>Begin typing to retrieve a list of available codes and select one.</alt>
					</accessibility>
				</fm:element>
				<fm:element disable="false" disable_method="read_only" generate="true" hide="false" name="ORG_NAME">
					<field xmlns="http://www.hyfinity.com/formmaker">
						<input options="dynamic" size="75">text</input>
						<style class="defaultBackground textboxControl" options="static" style="" />
						<element_style class="textbox js-autocomplete" options="static" style="width : 510px;" />
						<date_picker class="datePickerIcon" content="" required="false" type="normal" />
						<label class="label" options="static" required="true" style="" type="static" value="Organization Name">
							<container class="labelBackground labelControl" options="static" />
						</label>
						<container />
					</field>
					<constraints validate="true" xmlns="http://www.hyfinity.com/formmaker">
						<type>string</type>
						<required>false</required>
						<maxLength>200</maxLength>
						<enumeration use_for_output="false" />
					</constraints>
					<error xmlns="http://www.hyfinity.com/formmaker">
						<hint class="hintIcon" style="" use="false">Enter a hint here.</hint>
						<server class="errorIcon" retain="false" style="" use="false" />
					</error>
					<palette_ref control="Text Box" xmlns="http://www.hyfinity.com/formmaker" />
					<custom_attributes xmlns="http://www.hyfinity.com/formmaker">
						<attribute name="data-autocompleteurl" type="custom" value="SearchAdmOffOrg.do?searchOrg=" />
						<attribute name="data-autocompletelabels" type="custom" value="AC_ADMIN_CD_DESCR,AC_ADMIN_CD" />
						<attribute name="data-autocompletevaluename" type="custom" value="AC_ADMIN_CD_DESCR" />
						<attribute name="data-autocompleteothers" type="custom" value="ADMIN_CD:AC_ADMIN_CD,pv_adminCode:AC_ADMIN_CD" />
					</custom_attributes>
					<accessibility xmlns="http://www.hyfinity.com/formmaker">
						<alt>Entering an Administration Code will auto populate the Organization Name.</alt>
					</accessibility>
				</fm:element>
			</fm:group>
		</fm:group>
		<fm:group border_styling="false" compatability="false" fieldset="false" gen_method="grid" hide="false" label_position="left" name="SHRD_CERT_GRD" submit_if_hidden="true">
			<label class="label" options="static" position="outside_group" position_override="top" required="false" style="" type="static" value="Layout Grid" xmlns="http://www.hyfinity.com/formmaker">
				<container class="groupLabelBackground" options="static" style="">
					<content_alignment distribution="vertical" halign="left" valign="middle" />
					<sizing height="custom" width="fully_expand" />
				</container>
			</label>
			<style class="" options="static" style="" xmlns="http://www.hyfinity.com/formmaker" />
			<fm:grid_structure cols="1" rows="1">
				<grid_component col="1" name="SHRD_CERT_ROW_1" row="1" xmlns="http://www.hyfinity.com/formmaker" />
			</fm:grid_structure>
			<fm:palette_ref control="One Column" />
			<fm:sizing height="fit_to_content" width="fully_expand" />
			<content_alignment distribution="vertical" halign="left" valign="top" xmlns="http://www.hyfinity.com/formmaker" />
			<fm:group border_styling="false" compatability="false" fieldset="false" gen_method="layout" hide="false" label_position="top" name="SHRD_CERT_ROW_1" submit_if_hidden="true">
				<label class="label" options="static" position="outside_group" position_override="top" required="false" style="" type="static" value="Container Group" xmlns="http://www.hyfinity.com/formmaker">
					<container class="groupLabelBackground" options="static" style="">
						<content_alignment distribution="vertical" />
					</container>
				</label>
				<style class="" options="static" style="width:100%; height : 74px;" xmlns="http://www.hyfinity.com/formmaker" />
				<fm:palette_ref control="Layout Group" />
				<fm:content_alignment distribution="horizontal" halign="left" valign="top" />
				<fm:sizing height="custom" width="custom" />
				<fm:element disable="false" disable_method="disabled" generate="true" hide="false" name="SHRD_CERT">
					<field xmlns="http://www.hyfinity.com/formmaker">
						<input dropdown_default="Select One" options="static">select</input>
						<style class="defaultBackground selectControl" options="static" style="" />
						<element_style class="select" options="static" style="width : 250px;" />
						<date_picker class="" content="" required="false" type="normal" />
						<label class="label" options="static" required="true" style="" type="static" value="Shared Certificate?">
							<container class="labelBackground labelControl" options="static" />
						</label>
						<container />
					</field>
					<constraints validate="true" xmlns="http://www.hyfinity.com/formmaker">
						<type>string</type>
						<required>false</required>
						<enumeration use_for_output="false">
							<include value="Yes">Yes</include>
							<include value="No">No</include>
						</enumeration>
					</constraints>
					<error xmlns="http://www.hyfinity.com/formmaker">
						<hint class="hintIcon" style="" use="false">Enter a hint here.</hint>
						<server class="errorIcon" retain="false" style="" use="false" />
						<message_override>You must select a Shared Cert Number</message_override>
					</error>
					<palette_ref control="Select Box" xmlns="http://www.hyfinity.com/formmaker" />
					<accessibility xmlns="http://www.hyfinity.com/formmaker">
						<alt>Shared Certificate? Select Yes or No.</alt>
					</accessibility>
				</fm:element>
				<fm:element disable="false" disable_method="read_only" generate="true" hide="false" name="VAN">
					<field xmlns="http://www.hyfinity.com/formmaker">
						<input options="static">text</input>
						<style class="defaultBackground textboxControl" options="static" style="" />
						<element_style class="textbox" options="static" style="width : 250px;" />
						<date_picker class="datePickerIcon" content="" required="false" type="normal" />
						<label class="label" options="static" required="true" style="" type="static" value="Announcement Number">
							<container class="labelBackground labelControl" options="static">
								<sizing width="fit_to_content" />
							</container>
						</label>
						<container>
							<sizing width="fit_to_content" />
						</container>
					</field>
					<constraints validate="true" xmlns="http://www.hyfinity.com/formmaker">
						<type>string</type>
						<required>false</required>
						<maxLength>200</maxLength>
						<pattern>^\d+</pattern>
						<enumeration use_for_output="false" />
					</constraints>
					<error xmlns="http://www.hyfinity.com/formmaker">
						<hint class="hintIcon" style="" use="false">Enter a hint here.</hint>
						<server class="errorIcon" retain="false" style="" use="false" />
						<message_override>Announcement Number must be a numeric value or blank when not required.</message_override>
					</error>
					<palette_ref control="Text Box" xmlns="http://www.hyfinity.com/formmaker" />
					<accessibility xmlns="http://www.hyfinity.com/formmaker">
						<alt>Numeric values only. Please enter an Announcement Number</alt>
					</accessibility>
					<disable method="read_only" required="true" xmlns="http://www.hyfinity.com/formmaker">
						<check id="field_value_condition">
							<param name="FieldToCheck" option="Static" value="1" />
							<param name="Comparison" option="==" />
							<param name="CheckValue" option="Static" value="1" />
						</check>
					</disable>
				</fm:element>
				<fm:element disable="false" disable_method="read_only" generate="true" hide="false" name="CERT_NUM">
					<field xmlns="http://www.hyfinity.com/formmaker">
						<input options="static">text</input>
						<style class="defaultBackground textboxControl" options="static" style="" />
						<element_style class="textbox" options="static" style="width : 250px;" />
						<date_picker class="datePickerIcon" content="" required="false" type="normal" />
						<label class="label" options="static" required="true" style="" type="static" value="Certificate Number">
							<container class="labelBackground labelControl" options="static">
								<sizing width="fit_to_content" />
							</container>
						</label>
						<container>
							<sizing width="fit_to_content" />
						</container>
					</field>
					<constraints validate="true" xmlns="http://www.hyfinity.com/formmaker">
						<type>string</type>
						<required>false</required>
						<maxLength>200</maxLength>
						<pattern>^\d+</pattern>
						<enumeration use_for_output="false" />
					</constraints>
					<error xmlns="http://www.hyfinity.com/formmaker">
						<hint class="hintIcon" style="" use="false">Enter a hint here.</hint>
						<server class="errorIcon" retain="false" style="" use="false" />
						<message_override>Certificate Number must be a numeric value or blank when not required.</message_override>
					</error>
					<palette_ref control="Text Box" xmlns="http://www.hyfinity.com/formmaker" />
					<accessibility xmlns="http://www.hyfinity.com/formmaker">
						<alt>Numeric values only. Please enter a valid Certificate Number.</alt>
					</accessibility>
					<disable method="read_only" required="true" xmlns="http://www.hyfinity.com/formmaker">
						<check id="field_value_condition">
							<param name="FieldToCheck" option="Static" value="1" />
							<param name="Comparison" option="==" />
							<param name="CheckValue" option="Static" value="1" />
						</check>
					</disable>
				</fm:element>
				<fm:element disable="false" disable_method="disabled" generate="true" hide="false" name="POS_AOC">
					<field xmlns="http://www.hyfinity.com/formmaker">
						<input dropdown_default="Select One" options="dynamic">select</input>
						<style class="defaultBackground selectControl" options="static" style="" />
						<element_style class="select" options="static" style="width : 250px;" />
						<date_picker class="" content="" required="false" type="normal" />
						<label class="label" options="static" required="true" style="" type="static" value="Area of Consideration">
							<container class="labelBackground labelControl" options="static" />
						</label>
						<container />
					</field>
					<constraints validate="true" xmlns="http://www.hyfinity.com/formmaker">
						<type>string</type>
						<required>false</required>
						<enumeration use_for_output="false">
							<include value="MP">MP - Merit Promotion</include>
							<include value="DE">DE -  Delegated Examining</include>
							<include value="Pathways">Pathways</include>
						</enumeration>
					</constraints>
					<error xmlns="http://www.hyfinity.com/formmaker">
						<hint class="hintIcon" style="" use="false">Enter a hint here.</hint>
						<server class="errorIcon" retain="false" style="" use="false" />
					</error>
					<palette_ref control="Select Box" xmlns="http://www.hyfinity.com/formmaker" />
					<accessibility xmlns="http://www.hyfinity.com/formmaker">
						<alt>Select a valid Area of Consideration</alt>
					</accessibility>
					<disable required="true" xmlns="http://www.hyfinity.com/formmaker">
						<check id="field_value_condition">
							<param name="FieldToCheck" option="Static" value="1" />
							<param name="Comparison" option="==" />
							<param name="CheckValue" option="Static" value="1" />
						</check>
					</disable>
				</fm:element>
			</fm:group>
		</fm:group>
		<fm:group border_styling="false" compatability="false" fieldset="false" gen_method="grid" hide="false" label_position="left" name="SUB_DETAIL_GRD" submit_if_hidden="true">
			<label class="label" options="static" position="outside_group" position_override="top" required="false" style="" type="static" value="Layout Grid" xmlns="http://www.hyfinity.com/formmaker">
				<container class="groupLabelBackground" options="static" style="">
					<content_alignment distribution="vertical" halign="left" valign="middle" />
					<sizing height="custom" width="fully_expand" />
				</container>
			</label>
			<style class="" options="static" style="" xmlns="http://www.hyfinity.com/formmaker" />
			<fm:grid_structure cols="1" rows="1">
				<grid_component col="1" name="SUB_DETAIL_ROW_1" row="1" xmlns="http://www.hyfinity.com/formmaker" />
			</fm:grid_structure>
			<fm:palette_ref control="One Column" />
			<fm:sizing height="fit_to_content" width="fully_expand" />
			<content_alignment distribution="vertical" halign="left" valign="top" xmlns="http://www.hyfinity.com/formmaker" />
			<fm:group border_styling="false" compatability="false" fieldset="false" gen_method="layout" hide="false" label_position="top" name="SUB_DETAIL_ROW_1" submit_if_hidden="true">
				<label class="label" options="static" position="outside_group" position_override="top" required="false" style="" type="static" value="Container Group" xmlns="http://www.hyfinity.com/formmaker">
					<container class="groupLabelBackground" options="static" style="">
						<content_alignment distribution="vertical" />
					</container>
				</label>
				<style class="" options="static" style="width:100%;" xmlns="http://www.hyfinity.com/formmaker" />
				<fm:palette_ref control="Layout Group" />
				<fm:content_alignment distribution="horizontal" halign="left" valign="top" />
				<fm:sizing height="fit_to_content" width="custom" />
				<fm:element disable="false" disable_method="read_only" generate="true" hide="false" name="POS_JOB_REQ_NUM">
					<field xmlns="http://www.hyfinity.com/formmaker">
						<input options="static">text</input>
						<style class="defaultBackground textboxControl" options="static" style="" />
						<element_style class="textbox" options="static" style="width : 250px;" />
						<date_picker class="datePickerIcon" content="" required="false" type="normal" />
						<label class="label" options="static" required="true" style="" type="static" value="Job Requisition Number">
							<container class="labelBackground labelControl" options="static">
								<sizing width="fit_to_content" />
							</container>
						</label>
						<container>
							<sizing width="fit_to_content" />
						</container>
					</field>
					<constraints validate="true" xmlns="http://www.hyfinity.com/formmaker">
						<type>string</type>
						<required>false</required>
						<maxLength>100</maxLength>
						<pattern>^\d+</pattern>
						<enumeration use_for_output="false" />
					</constraints>
					<error xmlns="http://www.hyfinity.com/formmaker">
						<hint class="hintIcon" style="" use="false">Enter a hint here.</hint>
						<server class="errorIcon" retain="false" style="" use="false" />
						<message_override>Job Requisition Number must be a numeric value or blank when not required.</message_override>
					</error>
					<palette_ref control="Text Box" xmlns="http://www.hyfinity.com/formmaker" />
					<accessibility xmlns="http://www.hyfinity.com/formmaker">
						<alt>Numeric values only. Please enter the Job Requisition Number</alt>
					</accessibility>
					<disable method="read_only" required="true" xmlns="http://www.hyfinity.com/formmaker">
						<check id="field_value_condition">
							<param name="FieldToCheck" option="Static" value="1" />
							<param name="Comparison" option="==" />
							<param name="CheckValue" option="Static" value="1" />
						</check>
					</disable>
				</fm:element>
				<fm:element disable="false" disable_method="read_only" generate="true" hide="false" name="PBMS_ID">
					<field xmlns="http://www.hyfinity.com/formmaker">
						<input options="static">text</input>
						<style class="defaultBackground textboxControl" options="static" style="" />
						<element_style class="textbox" options="static" style="width : 250px;" />
						<date_picker class="datePickerIcon" content="" required="false" type="normal" />
						<label class="label" options="static" required="true" style="" type="static" value="Position Based Management System (PBMS) #">
							<container class="labelBackground labelControl" options="static">
								<sizing width="fit_to_content" />
							</container>
						</label>
						<container>
							<sizing width="fit_to_content" />
						</container>
					</field>
					<constraints validate="true" xmlns="http://www.hyfinity.com/formmaker">
						<type>string</type>
						<required>false</required>
						<maxLength>100</maxLength>
						<pattern>^\d+</pattern>
						<enumeration use_for_output="false" />
					</constraints>
					<error xmlns="http://www.hyfinity.com/formmaker">
						<hint class="hintIcon" style="" use="false">Enter a hint here.</hint>
						<server class="errorIcon" retain="false" style="" use="false" />
						<message_override>Position Based Management System (PBMS)# is required and must be a numeric value.</message_override>
					</error>
					<palette_ref control="Text Box" xmlns="http://www.hyfinity.com/formmaker" />
					<accessibility xmlns="http://www.hyfinity.com/formmaker">
						<alt>Numeric values only. Please enter the Position Based Management System (PBMS)#</alt>
					</accessibility>
					<disable method="read_only" required="true" xmlns="http://www.hyfinity.com/formmaker">
						<check id="field_value_condition">
							<param name="FieldToCheck" option="Static" value="1" />
							<param name="Comparison" option="==" />
							<param name="CheckValue" option="Static" value="1" />
						</check>
					</disable>
				</fm:element>
			</fm:group>
		</fm:group>
		<fm:group border_styling="false" compatability="false" fieldset="false" gen_method="grid" hide="false" label_position="left" name="REQ_INFO_GRD" submit_if_hidden="true">
			<label class="label" options="static" position="outside_group" position_override="top" required="false" style="" type="static" value="Requesting Office Information" xmlns="http://www.hyfinity.com/formmaker">
				<container class="groupLabelBackground" options="static" style="">
					<content_alignment distribution="vertical" halign="left" valign="middle" />
					<sizing height="custom" width="fully_expand" />
				</container>
			</label>
			<style class="" options="static" style="" xmlns="http://www.hyfinity.com/formmaker" />
			<fm:grid_structure cols="1" rows="4">
				<fm:grid_component col="1" name="REQ_INFO_ROW_1" row="1" />
				<grid_component col="1" name="REQ_INFO_ROW_2" row="2" xmlns="http://www.hyfinity.com/formmaker" />
				<grid_component col="1" name="REQ_INFO_ROW_3" row="3" xmlns="http://www.hyfinity.com/formmaker" />
				<grid_component col="1" name="REQ_INFO_ROW_4" row="4" xmlns="http://www.hyfinity.com/formmaker" />
			</fm:grid_structure>
			<fm:palette_ref control="One Column" />
			<fm:sizing height="fit_to_content" width="fully_expand" />
			<fm:group border_styling="false" compatability="false" fieldset="false" gen_method="layout" hide="false" label_position="top" name="REQ_INFO_ROW_1" submit_if_hidden="true">
				<label class="label" options="static" position="outside_group" position_override="top" required="false" style="" type="static" value="Container Group" xmlns="http://www.hyfinity.com/formmaker">
					<container class="groupLabelBackground" options="static" style="width : 100%;">
						<sizing width="custom" />
					</container>
				</label>
				<style class="" options="static" style="width:100%;" xmlns="http://www.hyfinity.com/formmaker" />
				<fm:palette_ref control="Layout Group" />
				<fm:content_alignment distribution="horizontal" halign="left" valign="top" />
				<fm:sizing height="fit_to_content" width="custom" />
			</fm:group>
			<content_alignment distribution="vertical" halign="left" valign="top" xmlns="http://www.hyfinity.com/formmaker" />
			<fm:group border_styling="false" compatability="false" fieldset="false" gen_method="layout" hide="false" label_position="top" name="REQ_INFO_ROW_2" submit_if_hidden="true">
				<label class="label" options="static" position="outside_group" position_override="top" required="false" style="" type="static" value="Container Group" xmlns="http://www.hyfinity.com/formmaker">
					<container class="groupLabelBackground" options="static" style="width : 100%;">
						<content_alignment distribution="vertical" />
						<sizing width="custom" />
					</container>
				</label>
				<style class="" options="static" style="width:100%;" xmlns="http://www.hyfinity.com/formmaker" />
				<fm:palette_ref control="Layout Group" />
				<fm:content_alignment distribution="horizontal" halign="left" valign="bottom" />
				<fm:sizing height="fit_to_content" width="custom" />
				<fm:element disable="false" disable_method="read_only" generate="true" hide="false" name="SO_AutoComplete">
					<field xmlns="http://www.hyfinity.com/formmaker">
						<input options="static">text</input>
						<style class="defaultBackground textboxControl" options="static" style="" />
						<element_style class="textbox js-autocomplete" options="static" style="width : 250px;" />
						<date_picker class="datePickerIcon" content="" required="false" type="normal" />
						<label class="label" options="static" required="true" style="" type="static" value="Selecting Official">
							<container class="labelBackground labelControl" options="static" />
						</label>
						<container />
					</field>
					<constraints validate="true" xmlns="http://www.hyfinity.com/formmaker">
						<type>string</type>
						<required>true</required>
						<maxLength>100</maxLength>
						<enumeration use_for_output="false" />
					</constraints>
					<error xmlns="http://www.hyfinity.com/formmaker">
						<hint class="hintIcon" style="" use="false">Enter a hint here.</hint>
						<server class="errorIcon" retain="false" style="" use="false" />
						<message_override>Selecting Official is required. </message_override>
					</error>
					<palette_ref control="Text Box" xmlns="http://www.hyfinity.com/formmaker" />
					<custom_attributes xmlns="http://www.hyfinity.com/formmaker">
						<attribute name="data-autocompleteurl" type="custom" value="SearchPeople.do?groupName=selecting%20officials&amp;searchString=" />
						<attribute name="data-autocompletelabels" type="custom" value="DSPNAME,DEPTNAME" />
						<attribute name="data-autocompletevaluename" type="custom" value="DSPNAME" />
						<attribute name="data-autocompleteothers" type="custom" value="SO_EMAIL:EMAIL,pv_selectOfficial:PVMID" />
					</custom_attributes>
					<accessibility xmlns="http://www.hyfinity.com/formmaker">
						<alt>Begin typing to retrieve a list of Selecting Officials and select one.</alt>
					</accessibility>
				</fm:element>
				<fm:element disable="false" disable_method="read_only" generate="true" hide="false" name="SO_EMAIL">
					<field xmlns="http://www.hyfinity.com/formmaker">
						<input options="static">text</input>
						<style class="defaultBackground textboxControl" options="static" style="" />
						<element_style class="textbox" options="static" style="width : 250px;" />
						<date_picker class="datePickerIcon" content="" required="false" type="normal" />
						<label class="label" options="static" required="true" style="" type="static" value="E-Mail">
							<container class="labelBackground labelControl" options="static" />
						</label>
						<container />
					</field>
					<constraints validate="true" xmlns="http://www.hyfinity.com/formmaker">
						<type>string</type>
						<required>false</required>
						<maxLength>100</maxLength>
						<enumeration use_for_output="false" />
					</constraints>
					<error xmlns="http://www.hyfinity.com/formmaker">
						<hint class="hintIcon" style="" use="false">Enter a hint here.</hint>
						<server class="errorIcon" retain="false" style="" use="false" />
						<message_override>Selecting Official E-Mail is required.</message_override>
					</error>
					<palette_ref control="Text Box" xmlns="http://www.hyfinity.com/formmaker" />
					<disable method="read_only" required="true" xmlns="http://www.hyfinity.com/formmaker">
						<check id="field_value_condition">
							<param name="FieldToCheck" option="Static" value="1" />
							<param name="Comparison" option="==" />
							<param name="CheckValue" option="Static" value="1" />
						</check>
					</disable>
					<accessibility xmlns="http://www.hyfinity.com/formmaker">
						<alt>Complete this required E-Mail fields by selecting a valid Selecting Official.</alt>
					</accessibility>
				</fm:element>
				<fm:element disable="false" disable_method="read_only" generate="true" hide="false" name="CIO_AutoComplete">
					<field xmlns="http://www.hyfinity.com/formmaker">
						<input options="static">text</input>
						<style class="defaultBackground textboxControl" options="static" style="" />
						<element_style class="textbox js-autocomplete" options="static" style="width : 250px;" />
						<date_picker class="datePickerIcon" content="" required="false" type="normal" />
						<label class="label" options="static" required="true" style="" type="static" value="C.I.O. Admin">
							<container class="labelBackground labelControl" options="static" />
						</label>
						<container />
					</field>
					<constraints validate="true" xmlns="http://www.hyfinity.com/formmaker">
						<type>string</type>
						<required>true</required>
						<maxLength>100</maxLength>
						<enumeration use_for_output="false" />
					</constraints>
					<error xmlns="http://www.hyfinity.com/formmaker">
						<hint class="hintIcon" style="" use="false">Enter a hint here.</hint>
						<server class="errorIcon" retain="false" style="" use="false" />
						<message_override>C.I.O. Admin is required. </message_override>
					</error>
					<palette_ref control="Text Box" xmlns="http://www.hyfinity.com/formmaker" />
					<custom_attributes xmlns="http://www.hyfinity.com/formmaker">
						<attribute name="data-autocompleteurl" type="custom" value="SearchPeople.do?groupName=cio%20admin%20pocs&amp;searchString=" />
						<attribute name="data-autocompletelabels" type="custom" value="DSPNAME,DEPTNAME" />
						<attribute name="data-autocompletevaluename" type="custom" value="DSPNAME" />
						<attribute name="data-autocompleteothers" type="custom" value="CIO_EMAIL:EMAIL,pv_cioAdminPOC:PVMID" />
					</custom_attributes>
					<accessibility xmlns="http://www.hyfinity.com/formmaker">
						<alt>Begin typing to retrieve a list of C.I.O. Admins and select one.</alt>
					</accessibility>
				</fm:element>
				<fm:element disable="false" disable_method="read_only" generate="true" hide="false" name="CIO_EMAIL">
					<field xmlns="http://www.hyfinity.com/formmaker">
						<input options="static">text</input>
						<style class="defaultBackground textboxControl" options="static" style="" />
						<element_style class="textbox" options="static" style="width : 250px;" />
						<date_picker class="datePickerIcon" content="" required="false" type="normal" />
						<label class="label" options="static" required="true" style="" type="static" value="E-Mail">
							<container class="labelBackground labelControl" options="static" />
						</label>
						<container />
					</field>
					<constraints validate="true" xmlns="http://www.hyfinity.com/formmaker">
						<type>string</type>
						<required>false</required>
						<maxLength>100</maxLength>
						<enumeration use_for_output="false" />
					</constraints>
					<error xmlns="http://www.hyfinity.com/formmaker">
						<hint class="hintIcon" style="" use="false">Enter a hint here.</hint>
						<server class="errorIcon" retain="false" style="" use="false" />
						<message_override>CIO Email is required.</message_override>
					</error>
					<palette_ref control="Text Box" xmlns="http://www.hyfinity.com/formmaker" />
					<disable method="read_only" required="true" xmlns="http://www.hyfinity.com/formmaker">
						<check id="field_value_condition">
							<param name="FieldToCheck" option="Static" value="1" />
							<param name="Comparison" option="==" />
							<param name="CheckValue" option="Static" value="1" />
						</check>
					</disable>
					<accessibility xmlns="http://www.hyfinity.com/formmaker">
						<alt>Complete this required E-Mail fields by selecting a valid CIO Admin</alt>
					</accessibility>
				</fm:element>
			</fm:group>
			<fm:group border_styling="false" compatability="false" fieldset="false" gen_method="layout" hide="false" label_position="top" name="REQ_INFO_ROW_3" submit_if_hidden="true">
				<label class="label" options="static" position="outside_group" position_override="top" required="false" style="" type="static" value="Container Group" xmlns="http://www.hyfinity.com/formmaker">
					<container class="groupLabelBackground" options="static" style="width : 100%;">
						<content_alignment distribution="vertical" />
						<sizing width="custom" />
					</container>
				</label>
				<style class="" options="static" style="width:100%;" xmlns="http://www.hyfinity.com/formmaker" />
				<fm:palette_ref control="Layout Group" />
				<fm:content_alignment distribution="horizontal" halign="left" valign="top" />
				<fm:sizing height="fit_to_content" width="custom" />
				<fm:element disable="false" disable_method="read_only" generate="true" hide="false" name="HROS_AutoComplete">
					<field xmlns="http://www.hyfinity.com/formmaker">
						<input options="static">text</input>
						<style class="defaultBackground textboxControl" options="static" style="" />
						<element_style class="textbox js-autocomplete" options="static" style="width : 250px;" />
						<date_picker class="datePickerIcon" content="" required="false" type="normal" />
						<label class="label" options="static" required="true" style="" type="static" value="HR Staffing Specialist">
							<container class="labelBackground labelControl" options="static" />
						</label>
						<container />
					</field>
					<constraints validate="true" xmlns="http://www.hyfinity.com/formmaker">
						<type>string</type>
						<required>true</required>
						<maxLength>100</maxLength>
						<enumeration use_for_output="false" />
					</constraints>
					<error xmlns="http://www.hyfinity.com/formmaker">
						<hint class="hintIcon" style="" use="false">Enter a hint here.</hint>
						<server class="errorIcon" retain="false" style="" use="false" />
						<message_override>HR Staffing Specialist is required.</message_override>
					</error>
					<palette_ref control="Text Box" xmlns="http://www.hyfinity.com/formmaker" />
					<custom_attributes xmlns="http://www.hyfinity.com/formmaker">
						<attribute name="data-autocompleteurl" type="custom" value="SearchPeople.do?groupName=staffing%20specialists&amp;searchString=" />
						<attribute name="data-autocompletelabels" type="custom" value="DSPNAME,DEPTNAME" />
						<attribute name="data-autocompletevaluename" type="custom" value="DSPNAME" />
						<attribute name="data-autocompleteothers" type="custom" value="HROS_EMAIL:EMAIL,pv_hroSpecialist:PVMID" />
					</custom_attributes>
					<accessibility xmlns="http://www.hyfinity.com/formmaker">
						<alt>Begin typing to retrieve a list of H.R.O. Specialists and select one.</alt>
					</accessibility>
				</fm:element>
				<fm:element disable="false" disable_method="read_only" generate="true" hide="false" name="HROS_EMAIL">
					<field xmlns="http://www.hyfinity.com/formmaker">
						<input options="static">text</input>
						<style class="defaultBackground textboxControl" options="static" style="" />
						<element_style class="textbox" options="static" style="width : 250px;" />
						<date_picker class="datePickerIcon" content="" required="false" type="normal" />
						<label class="label" options="static" required="true" style="" type="static" value="E-Mail">
							<container class="labelBackground labelControl" options="static" />
						</label>
						<container />
					</field>
					<constraints validate="true" xmlns="http://www.hyfinity.com/formmaker">
						<type>string</type>
						<required>false</required>
						<maxLength>100</maxLength>
						<enumeration use_for_output="false" />
					</constraints>
					<error xmlns="http://www.hyfinity.com/formmaker">
						<hint class="hintIcon" style="" use="false">Enter a hint here.</hint>
						<server class="errorIcon" retain="false" style="" use="false" />
						<message_override>HR Staffing Specialist E-Mail is required.</message_override>
					</error>
					<palette_ref control="Text Box" xmlns="http://www.hyfinity.com/formmaker" />
					<disable method="read_only" required="true" xmlns="http://www.hyfinity.com/formmaker">
						<check id="field_value_condition">
							<param name="FieldToCheck" option="Static" value="1" />
							<param name="Comparison" option="==" />
							<param name="CheckValue" option="Static" value="1" />
						</check>
					</disable>
					<accessibility xmlns="http://www.hyfinity.com/formmaker">
						<alt>Complete this required E-Mail fields by selecting a valid HRO Specialist</alt>
					</accessibility>
				</fm:element>
				<fm:element disable="false" disable_method="read_only" generate="true" hide="false" name="CLASS_SPEC_AutoComplete">
					<field xmlns="http://www.hyfinity.com/formmaker">
						<input options="static">text</input>
						<style class="defaultBackground textboxControl" options="static" style="" />
						<element_style class="textbox js-autocomplete" options="static" style="width : 250px;" />
						<date_picker class="datePickerIcon" content="" required="false" type="normal" />
						<label class="label" options="static" required="true" style="" type="static" value="Classification Specialist">
							<container class="labelBackground labelControl" options="static" />
						</label>
						<container />
					</field>
					<constraints validate="true" xmlns="http://www.hyfinity.com/formmaker">
						<type>string</type>
						<required>false</required>
						<maxLength>100</maxLength>
						<enumeration use_for_output="false" />
					</constraints>
					<error xmlns="http://www.hyfinity.com/formmaker">
						<hint class="hintIcon " style="" use="false">Enter a hintClassification Specialist is not required. Begin typing to retrieve a list of classification Specialists and select one.</hint>
						<server class="errorIcon" retain="false" style="" use="false" />
						<message_override>Classification Specialist is required.</message_override>
					</error>
					<palette_ref control="Text Box" xmlns="http://www.hyfinity.com/formmaker" />
					<custom_attributes xmlns="http://www.hyfinity.com/formmaker">
						<attribute name="data-autocompleteurl" type="custom" value="SearchPeople.do?groupName=classification%20specialists&amp;searchString=" />
						<attribute name="data-autocompletelabels" type="custom" value="DSPNAME,DEPTNAME" />
						<attribute name="data-autocompletevaluename" type="custom" value="DSPNAME" />
						<attribute name="data-autocompleteothers" type="custom" value="CLASS_SPEC_EMAIL:EMAIL,pv_classSpecialist:PVMID" />
					</custom_attributes>
					<accessibility xmlns="http://www.hyfinity.com/formmaker">
						<alt>Begin typing to retrieve a list of Classification Specialist and select one. </alt>
					</accessibility>
				</fm:element>
				<fm:element disable="false" disable_method="read_only" generate="true" hide="false" name="CLASS_SPEC_EMAIL">
					<field xmlns="http://www.hyfinity.com/formmaker">
						<input options="static">text</input>
						<style class="defaultBackground textboxControl" options="static" style="" />
						<element_style class="textbox" options="static" style="width : 250px;" />
						<date_picker class="datePickerIcon" content="" required="false" type="normal" />
						<label class="label" options="static" required="true" style="" type="static" value="E-Mail">
							<container class="labelBackground labelControl" options="static" />
						</label>
						<container />
					</field>
					<constraints validate="true" xmlns="http://www.hyfinity.com/formmaker">
						<type>string</type>
						<required>false</required>
						<maxLength>100</maxLength>
						<enumeration use_for_output="false" />
					</constraints>
					<error xmlns="http://www.hyfinity.com/formmaker">
						<hint class="hintIcon" style="" use="false">Enter a hint here.</hint>
						<server class="errorIcon" retain="false" style="" use="false" />
						<message_override>Classification E-Mail is required.</message_override>
					</error>
					<palette_ref control="Text Box" xmlns="http://www.hyfinity.com/formmaker" />
					<disable method="read_only" required="true" xmlns="http://www.hyfinity.com/formmaker">
						<check id="field_value_condition">
							<param name="FieldToCheck" option="Static" value="1" />
							<param name="Comparison" option="==" />
							<param name="CheckValue" option="Static" value="1" />
						</check>
					</disable>
					<accessibility xmlns="http://www.hyfinity.com/formmaker">
						<alt>Complete this optional E-Mail fields by selecting a valid Classification Specialist.</alt>
					</accessibility>
				</fm:element>
			</fm:group>
			<fm:group border_styling="false" compatability="false" fieldset="false" gen_method="layout" hide="false" label_position="top" name="REQ_INFO_ROW_4" submit_if_hidden="true">
				<label class="label" options="static" position="outside_group" position_override="top" required="false" style="" type="static" value="Layout Group" xmlns="http://www.hyfinity.com/formmaker">
					<container class="groupLabelBackground" options="static" style="">
						<content_alignment distribution="vertical" />
					</container>
				</label>
				<style class="" options="static" style="width : 100%;" xmlns="http://www.hyfinity.com/formmaker" />
				<fm:content_alignment distribution="horizontal" halign="left" valign="top" />
				<fm:sizing height="fit_to_content" width="custom" />
				<palette_ref control="Layout Group" xmlns="http://www.hyfinity.com/formmaker" />
				<fm:element disable="false" disable_method="read_only" generate="true" hide="false" name="HROA_AutoComplete">
					<field xmlns="http://www.hyfinity.com/formmaker">
						<input options="static">text</input>
						<style class="defaultBackground textboxControl" options="static" style="" />
						<element_style class="textbox js-autocomplete" options="static" style="width : 250px;" />
						<date_picker class="datePickerIcon" content="" required="false" type="normal" />
						<label class="label" options="static" required="true" style="" type="static" value="HR Staffing Assistant">
							<container class="labelBackground labelControl" options="static" />
						</label>
						<container />
					</field>
					<constraints validate="true" xmlns="http://www.hyfinity.com/formmaker">
						<type>string</type>
						<required>false</required>
						<maxLength>100</maxLength>
						<enumeration use_for_output="false" />
					</constraints>
					<error xmlns="http://www.hyfinity.com/formmaker">
						<hint class="hintIcon" style="" use="false">Enter a hint here.</hint>
						<server class="errorIcon" retain="false" style="" use="false" />
					</error>
					<palette_ref control="Text Box" xmlns="http://www.hyfinity.com/formmaker" />
					<custom_attributes xmlns="http://www.hyfinity.com/formmaker">
						<attribute name="data-autocompleteurl" type="custom" value="SearchPeople.do?groupName=hr%20assistants&amp;searchString=" />
						<attribute name="data-autocompletelabels" type="custom" value="DSPNAME,DEPTNAME" />
						<attribute name="data-autocompletevaluename" type="custom" value="DSPNAME" />
						<attribute name="data-autocompleteothers" type="custom" value="HROA_EMAIL:EMAIL,pv_hrStaffingAssistant:PVMID" />
					</custom_attributes>
					<accessibility xmlns="http://www.hyfinity.com/formmaker">
						<alt>Begin typing to retrieve a list of H.R.O. Assistants and select one.</alt>
					</accessibility>
				</fm:element>
				<fm:element disable="false" disable_method="read_only" generate="true" hide="false" name="HROA_EMAIL">
					<field xmlns="http://www.hyfinity.com/formmaker">
						<input options="static">text</input>
						<style class="defaultBackground textboxControl" options="static" style="" />
						<element_style class="textbox" options="static" style="width : 250px;" />
						<date_picker class="datePickerIcon" content="" required="false" type="normal" />
						<label class="label" options="static" required="true" style="" type="static" value="E-Mail">
							<container class="labelBackground labelControl" options="static" />
						</label>
						<container />
					</field>
					<constraints validate="true" xmlns="http://www.hyfinity.com/formmaker">
						<type>string</type>
						<required>false</required>
						<maxLength>100</maxLength>
						<enumeration use_for_output="false" />
					</constraints>
					<error xmlns="http://www.hyfinity.com/formmaker">
						<hint class="hintIcon" style="" use="false">Enter a hint here.</hint>
						<server class="errorIcon" retain="false" style="" use="false" />
						<message_override>HR Staffing Assistant E-Mail is required.</message_override>
					</error>
					<palette_ref control="Text Box" xmlns="http://www.hyfinity.com/formmaker" />
					<disable method="read_only" required="true" xmlns="http://www.hyfinity.com/formmaker">
						<check id="field_value_condition">
							<param name="FieldToCheck" option="Static" value="1" />
							<param name="Comparison" option="==" />
							<param name="CheckValue" option="Static" value="1" />
						</check>
					</disable>
					<accessibility xmlns="http://www.hyfinity.com/formmaker">
						<alt>Complete this required E-Mail fields by selecting a valid HRO Assistant</alt>
					</accessibility>
				</fm:element>
			</fm:group>
		</fm:group>
		<fm:group border_styling="false" compatability="false" fieldset="false" gen_method="grid" hide="false" label_position="left" name="NF_VAL_GRD" submit_if_hidden="true">
			<label class="label" options="static" position="outside_group" position_override="top" required="true" style="" type="static" value="Need &amp; Funding Validation" xmlns="http://www.hyfinity.com/formmaker">
				<container class="groupLabelBackground" options="static" style="">
					<content_alignment distribution="vertical" halign="left" valign="middle" />
					<sizing height="custom" width="fully_expand" />
				</container>
			</label>
			<style class="" options="static" style="" xmlns="http://www.hyfinity.com/formmaker" />
			<fm:grid_structure cols="1" rows="4">
				<fm:grid_component col="1" name="NF_VAL_ROW_1" row="1" />
				<grid_component col="1" name="NF_VAL_ROW_4" row="4" xmlns="http://www.hyfinity.com/formmaker" />
				<grid_component col="1" name="NF_VAL_ROW_3" row="3" xmlns="http://www.hyfinity.com/formmaker" />
				<grid_component col="1" name="NF_VAL_ROW_2" row="2" xmlns="http://www.hyfinity.com/formmaker" />
			</fm:grid_structure>
			<fm:palette_ref control="One Column" />
			<fm:sizing height="fit_to_content" width="fully_expand" />
			<fm:group border_styling="false" compatability="false" fieldset="false" gen_method="layout" hide="false" label_position="top" name="NF_VAL_ROW_1" submit_if_hidden="true">
				<label class="label" options="static" position="outside_group" position_override="top" required="false" style="" type="static" value="Container Group" xmlns="http://www.hyfinity.com/formmaker">
					<container class="groupLabelBackground" options="static" style="" />
				</label>
				<style class="" options="static" style="width:100%;" xmlns="http://www.hyfinity.com/formmaker" />
				<fm:palette_ref control="Layout Group" />
				<fm:content_alignment distribution="horizontal" halign="left" valign="top" />
				<fm:sizing height="fit_to_content" width="custom" />
				<fm:element disable="false" disable_method="disabled" generate="true" hide="false" name="STF_VAL">
					<field xmlns="http://www.hyfinity.com/formmaker">
						<input dropdown_default="Select One" options="static">select</input>
						<style class="defaultBackground selectControl" options="static" style="" />
						<element_style class="select" options="static" style="width : 250px;" />
						<date_picker class="" content="" required="false" type="normal" />
						<label class="label" options="static" required="true" style="" type="static" value="Staffing Need Validated?">
							<container class="labelBackground labelControl" options="static" />
						</label>
						<container />
					</field>
					<constraints validate="true" xmlns="http://www.hyfinity.com/formmaker">
						<type>string</type>
						<required>true</required>
						<enumeration use_for_output="false">
							<include value="No">No</include>
							<include value="Yes">Yes</include>
						</enumeration>
					</constraints>
					<error xmlns="http://www.hyfinity.com/formmaker">
						<hint class="hintIcon" style="" use="false">Enter a hint here.</hint>
						<server class="errorIcon" retain="false" style="" use="false" />
						<message_override>Select a valid response to Staffing Need Validated?</message_override>
					</error>
					<palette_ref control="Select Box" xmlns="http://www.hyfinity.com/formmaker" />
					<accessibility xmlns="http://www.hyfinity.com/formmaker">
						<alt>If No, Justification will be required.</alt>
					</accessibility>
				</fm:element>
				<fm:element disable="false" disable_method="read_only" generate="true" hide="false" name="STF_VAL_JUST">
					<field xmlns="http://www.hyfinity.com/formmaker">
						<input expandable="true" max="10" min="2" options="dynamic" size="60">textarea</input>
						<style class="defaultBackground textareaControl" options="static" style="" />
						<element_style class="textbox" options="static" style="width : 765px;" />
						<date_picker class="datePickerIcon" content="" required="false" type="normal" />
						<label class="label" options="static" required="true" style="" type="static" value="Justification for Not Validating Staffing Need">
							<container class="labelBackground labelControl" options="static" />
						</label>
						<container />
					</field>
					<constraints validate="true" xmlns="http://www.hyfinity.com/formmaker">
						<type>string</type>
						<required>true</required>
						<maxLength>4000</maxLength>
						<enumeration use_for_output="false" />
					</constraints>
					<error xmlns="http://www.hyfinity.com/formmaker">
						<hint class="hintIcon" style="" use="false">Enter a hint here.</hint>
						<server class="errorIcon" retain="false" style="" use="false" />
						<message_override>Please explain why you selected &quot;No&quot; to the &quot;Staffing Need Validated?&quot; and please do not exceed text-limit of 4,000 characters.</message_override>
					</error>
					<palette_ref control="Text Area" xmlns="http://www.hyfinity.com/formmaker" />
					<accessibility xmlns="http://www.hyfinity.com/formmaker">
						<alt>Enter a Justification for Not Validating Staffing Need</alt>
					</accessibility>
				</fm:element>
			</fm:group>
			<content_alignment distribution="vertical" halign="left" valign="top" xmlns="http://www.hyfinity.com/formmaker" />
			<fm:group border_styling="false" compatability="false" fieldset="false" gen_method="layout" hide="false" label_position="top" name="NF_VAL_ROW_2" submit_if_hidden="true">
				<label class="label" options="static" position="outside_group" position_override="top" required="false" style="" type="static" value="Container Group" xmlns="http://www.hyfinity.com/formmaker">
					<container class="groupLabelBackground" options="static" style="">
						<content_alignment distribution="vertical" />
					</container>
				</label>
				<style class="" options="static" style="width:100%;" xmlns="http://www.hyfinity.com/formmaker" />
				<fm:palette_ref control="Layout Group" />
				<fm:content_alignment distribution="horizontal" halign="left" valign="top" />
				<fm:sizing height="fit_to_content" width="custom" />
				<fm:element disable="false" disable_method="disabled" generate="true" hide="false" name="FND_CONF">
					<field xmlns="http://www.hyfinity.com/formmaker">
						<input dropdown_default="Select One" options="static">select</input>
						<style class="defaultBackground selectControl" options="static" style="" />
						<element_style class="select" options="static" style="width : 250px;" />
						<date_picker class="" content="" required="false" type="normal" />
						<label class="label" options="static" required="true" style="" type="static" value="Funding Confirmed in PBMS?">
							<container class="labelBackground labelControl" options="static">
								<sizing width="custom" />
							</container>
						</label>
						<container>
							<sizing width="custom" />
						</container>
					</field>
					<constraints validate="true" xmlns="http://www.hyfinity.com/formmaker">
						<type>string</type>
						<required>true</required>
						<enumeration use_for_output="false">
							<include value="No">No</include>
							<include value="Yes">Yes</include>
						</enumeration>
					</constraints>
					<error xmlns="http://www.hyfinity.com/formmaker">
						<hint class="hintIcon" style="" use="false">Enter a hint here.</hint>
						<server class="errorIcon" retain="false" style="" use="false" />
						<message_override>Select a valid response to Funding Confirmed in PBMS?</message_override>
					</error>
					<palette_ref control="Select Box" xmlns="http://www.hyfinity.com/formmaker" />
					<accessibility xmlns="http://www.hyfinity.com/formmaker">
						<alt>If No, Justification will be required.</alt>
					</accessibility>
				</fm:element>
				<fm:element disable="false" disable_method="read_only" generate="true" hide="false" name="FND_CONF_JUST">
					<field xmlns="http://www.hyfinity.com/formmaker">
						<input expandable="true" max="10" min="2" options="dynamic" size="60">textarea</input>
						<style class="defaultBackground textareaControl" options="static" style="" />
						<element_style class="textbox" options="static" style="width : 765px;" />
						<date_picker class="datePickerIcon" content="" required="false" type="normal" />
						<label class="label" options="static" required="true" style="" type="static" value="Justification for Not Confirming in PBMS">
							<container class="labelBackground labelControl" options="static" />
						</label>
						<container />
					</field>
					<constraints validate="true" xmlns="http://www.hyfinity.com/formmaker">
						<type>string</type>
						<required>true</required>
						<maxLength>4000</maxLength>
						<enumeration use_for_output="false" />
					</constraints>
					<error xmlns="http://www.hyfinity.com/formmaker">
						<hint class="hintIcon" style="" use="false">Enter a hint here.</hint>
						<server class="errorIcon" retain="false" style="" use="false" />
						<message_override>Please explain why you selected No to the &quot;Funding Confirmed in PBMS?&quot; and please do not exceed text-limit of 4,000 characters.</message_override>
					</error>
					<palette_ref control="Text Area" xmlns="http://www.hyfinity.com/formmaker" />
					<accessibility xmlns="http://www.hyfinity.com/formmaker">
						<alt>Enter a Justification for Not Confirming in PBMS</alt>
					</accessibility>
				</fm:element>
			</fm:group>
			<fm:group border_styling="false" compatability="false" fieldset="false" gen_method="layout" hide="false" label_position="top" name="NF_VAL_ROW_3" submit_if_hidden="true">
				<label class="label" options="static" position="outside_group" position_override="top" required="false" style="" type="static" value="Container Group" xmlns="http://www.hyfinity.com/formmaker">
					<container class="groupLabelBackground" options="static" style="">
						<content_alignment distribution="vertical" />
					</container>
				</label>
				<style class="" options="static" style="width:100%;" xmlns="http://www.hyfinity.com/formmaker" />
				<fm:palette_ref control="Layout Group" />
				<fm:content_alignment distribution="horizontal" halign="left" valign="top" />
				<fm:sizing height="fit_to_content" width="custom" />
				<fm:element disable="false" disable_method="disabled" generate="true" hide="false" name="HIRE_GUIDE_REV">
					<field xmlns="http://www.hyfinity.com/formmaker">
						<input dropdown_default="Select One" options="static">select</input>
						<style class="defaultBackground selectControl" options="static" style="" />
						<element_style class="select" options="static" style="width : 250px;" />
						<date_picker class="" content="" required="false" type="normal" />
						<label class="label" options="static" required="true" style="" type="static" value="Hiring Options Guide Reviewed?">
							<container class="labelBackground labelControl" options="static">
								<sizing width="custom" />
							</container>
						</label>
						<container>
							<sizing width="custom" />
						</container>
					</field>
					<constraints validate="true" xmlns="http://www.hyfinity.com/formmaker">
						<type>string</type>
						<required>true</required>
						<enumeration use_for_output="false">
							<include value="No">No</include>
							<include value="Yes">Yes</include>
						</enumeration>
					</constraints>
					<error xmlns="http://www.hyfinity.com/formmaker">
						<hint class="hintIcon" style="" use="false">Enter a hint here.</hint>
						<server class="errorIcon" retain="false" style="" use="false" />
						<message_override>Select a valid response to Hiring Options Guide Reviewed?</message_override>
					</error>
					<palette_ref control="Select Box" xmlns="http://www.hyfinity.com/formmaker" />
					<accessibility xmlns="http://www.hyfinity.com/formmaker">
						<alt>If No, Justification will be required.</alt>
					</accessibility>
				</fm:element>
				<fm:element disable="false" disable_method="read_only" generate="true" hide="false" name="HIRE_GUIDE_REV_JUST">
					<field xmlns="http://www.hyfinity.com/formmaker">
						<input expandable="true" max="10" min="2" options="dynamic" size="60">textarea</input>
						<style class="defaultBackground textareaControl" options="static" style="" />
						<element_style class="textbox" options="static" style="width : 765px;" />
						<date_picker class="datePickerIcon" content="" required="false" type="normal" />
						<label class="label" options="static" required="true" style="" type="static" value="Justification for Not Reviewing the Hiring Options Guide">
							<container class="labelBackground labelControl" options="static" />
						</label>
						<container />
					</field>
					<constraints validate="true" xmlns="http://www.hyfinity.com/formmaker">
						<type>string</type>
						<required>true</required>
						<maxLength>4000</maxLength>
						<enumeration use_for_output="false" />
					</constraints>
					<error xmlns="http://www.hyfinity.com/formmaker">
						<hint class="hintIcon" style="" use="false">Enter a hint here.</hint>
						<server class="errorIcon" retain="false" style="" use="false" />
						<message_override>Please explain why you selected No to the &quot;Hiring Options Guide Reviewed?&quot; and please do not exceed text-limit of 4,000 characters.</message_override>
					</error>
					<palette_ref control="Text Area" xmlns="http://www.hyfinity.com/formmaker" />
					<accessibility xmlns="http://www.hyfinity.com/formmaker">
						<alt>Enter a Justification for Not Reviewing the Hiring Options Guide</alt>
					</accessibility>
				</fm:element>
			</fm:group>
			<fm:group border_styling="false" compatability="false" fieldset="false" gen_method="layout" hide="false" label_position="top" name="NF_VAL_ROW_4" submit_if_hidden="true">
				<label class="label" options="static" position="outside_group" position_override="top" required="false" style="" type="static" value="Container Group" xmlns="http://www.hyfinity.com/formmaker">
					<container class="groupLabelBackground" options="static" style="">
						<content_alignment distribution="vertical" />
					</container>
				</label>
				<style class="" options="static" style="width:100%;" xmlns="http://www.hyfinity.com/formmaker" />
				<fm:palette_ref control="Layout Group" />
				<fm:content_alignment distribution="horizontal" halign="left" valign="top" />
				<fm:sizing height="fit_to_content" width="custom" />
				<fm:element disable="false" disable_method="disabled" generate="true" hide="false" name="SLOT_REQ">
					<field xmlns="http://www.hyfinity.com/formmaker">
						<input dropdown_default="Select One" options="static">select</input>
						<style class="defaultBackground selectControl" options="static" style="" />
						<element_style class="select" options="static" style="width : 250px;" />
						<date_picker class="" content="" required="false" type="normal" />
						<label class="label" options="static" required="true" style="" type="static" value="Slot Requested?">
							<container class="labelBackground labelControl" options="static">
								<sizing width="custom" />
							</container>
						</label>
						<container>
							<sizing width="custom" />
						</container>
					</field>
					<constraints validate="true" xmlns="http://www.hyfinity.com/formmaker">
						<type>string</type>
						<required>true</required>
						<enumeration use_for_output="false">
							<include value="No">No</include>
							<include value="Yes">Yes</include>
						</enumeration>
					</constraints>
					<error xmlns="http://www.hyfinity.com/formmaker">
						<hint class="hintIcon" style="" use="false">Enter a hint here.</hint>
						<server class="errorIcon" retain="false" style="" use="false" />
						<message_override>Select a valid response to Slot Requested? </message_override>
					</error>
					<palette_ref control="Select Box" xmlns="http://www.hyfinity.com/formmaker" />
					<accessibility xmlns="http://www.hyfinity.com/formmaker">
						<alt>If No, Justification will be required.</alt>
					</accessibility>
				</fm:element>
				<fm:element disable="false" disable_method="read_only" generate="true" hide="false" name="SLOT_REQ_JUST">
					<field xmlns="http://www.hyfinity.com/formmaker">
						<input expandable="true" max="10" min="2" options="dynamic" size="60">textarea</input>
						<style class="defaultBackground textareaControl" options="static" style="" />
						<element_style class="textbox" options="static" style="width : 765px;" />
						<date_picker class="datePickerIcon" content="" required="false" type="normal" />
						<label class="label" options="static" required="true" style="" type="static" value="Justification for Not Requesting Slot">
							<container class="labelBackground labelControl" options="static" />
						</label>
						<container />
					</field>
					<constraints validate="true" xmlns="http://www.hyfinity.com/formmaker">
						<type>string</type>
						<required>true</required>
						<maxLength>4000</maxLength>
						<enumeration use_for_output="false" />
					</constraints>
					<error xmlns="http://www.hyfinity.com/formmaker">
						<hint class="hintIcon" style="" use="false">Enter a hint here.</hint>
						<server class="errorIcon" retain="false" style="" use="false" />
						<message_override>Please explain why you selected No to the &quot;Slot Requested?&quot; and please do not exceed text-limit of 4,000 characters.</message_override>
					</error>
					<palette_ref control="Text Area" xmlns="http://www.hyfinity.com/formmaker" />
					<accessibility xmlns="http://www.hyfinity.com/formmaker">
						<alt>Enter a Justification for Not Requesting Slot</alt>
					</accessibility>
				</fm:element>
			</fm:group>
		</fm:group>
		<fm:group border_styling="false" compatability="false" fieldset="false" gen_method="grid" hide="false" label_position="left" name="one_column_grid" submit_if_hidden="true">
			<label class="label" options="static" position="outside_group" position_override="top" required="false" style="" type="static" value="Layout Grid" xmlns="http://www.hyfinity.com/formmaker">
				<container class="groupLabelBackground" options="static" style="">
					<content_alignment distribution="vertical" halign="left" valign="middle" />
					<sizing height="custom" width="fully_expand" />
				</container>
			</label>
			<style class="" options="static" style="" xmlns="http://www.hyfinity.com/formmaker" />
			<fm:grid_structure cols="1" rows="1">
				<grid_component col="1" name="lg_Remarks" row="1" xmlns="http://www.hyfinity.com/formmaker" />
			</fm:grid_structure>
			<fm:palette_ref control="One Column" />
			<fm:sizing height="fit_to_content" width="fully_expand" />
			<content_alignment distribution="vertical" halign="left" valign="top" xmlns="http://www.hyfinity.com/formmaker" />
			<fm:group border_styling="false" compatability="false" fieldset="false" gen_method="layout" hide="false" label_position="top" name="lg_Remarks" submit_if_hidden="true">
				<label class="label" options="static" position="outside_group" position_override="top" required="true" style="" type="static" value="Remarks" xmlns="http://www.hyfinity.com/formmaker">
					<container class="groupLabelBackground" options="static" style="">
						<content_alignment distribution="vertical" />
						<sizing width="fully_expand" />
					</container>
				</label>
				<style class="" options="static" style="" xmlns="http://www.hyfinity.com/formmaker" />
				<fm:content_alignment distribution="horizontal" halign="left" valign="top" />
				<fm:sizing height="fit_to_content" width="fully_expand" />
				<palette_ref control="Layout Group" xmlns="http://www.hyfinity.com/formmaker" />
				<fm:element disable="false" disable_method="read_only" generate="true" hide="false" name="CAPHR_REMARKS">
					<field xmlns="http://www.hyfinity.com/formmaker">
						<input expandable="true" max="100" min="5" options="dynamic" size="120">textarea</input>
						<style class="defaultBackground textareaControl" options="static" style="" />
						<element_style class="textbox triageFieldReadonly " options="static" style="" />
						<date_picker class="datePickerIcon" content="" required="false" type="normal" />
						<label class="label" options="static" required="true" style="" type="static" value="CapHR Remarks">
							<container class="labelBackground labelControl" options="static">
								<sizing width="custom" />
							</container>
						</label>
						<container>
							<content_alignment halign="center" valign="middle" />
							<sizing width="custom" />
						</container>
					</field>
					<constraints validate="true" xmlns="http://www.hyfinity.com/formmaker">
						<type>string</type>
						<required>false</required>
						<maxLength>4000</maxLength>
						<enumeration use_for_output="false" />
					</constraints>
					<error xmlns="http://www.hyfinity.com/formmaker">
						<hint class="hintIcon" style="" use="false">Enter a hint here.</hint>
						<server class="errorIcon" retain="false" style="" use="false" />
						<message_override>Remarks is required.</message_override>
					</error>
					<palette_ref control="Text Area" xmlns="http://www.hyfinity.com/formmaker" />
					<accessibility xmlns="http://www.hyfinity.com/formmaker">
						<alt>Enter Remarks</alt>
					</accessibility>
					<disable method="read_only" required="true" xmlns="http://www.hyfinity.com/formmaker">
						<check id="field_value_condition">
							<param name="FieldToCheck" option="Static" value="1" />
							<param name="Comparison" option="==" />
							<param name="CheckValue" option="Static" value="1" />
						</check>
					</disable>
				</fm:element>
			</fm:group>
		</fm:group>
	</fm:group>
	<fm:group border_styling="false" compatability="false" fieldset="false" gen_method="layout" hide="false" label_position="left" name="hidden_general" submit_if_hidden="true">
		<label class="label" options="static" position="outside_group" position_override="top" required="false" style="" type="static" value="Layout Group" xmlns="http://www.hyfinity.com/formmaker">
			<container class="groupLabelBackground" options="static" style="">
				<content_alignment distribution="vertical" />
			</container>
		</label>
		<style class="hide " options="static" style="" xmlns="http://www.hyfinity.com/formmaker" />
		<fm:content_alignment distribution="vertical" halign="left" valign="top" />
		<fm:sizing height="fit_to_content" width="fully_expand" />
		<palette_ref control="Layout Group" xmlns="http://www.hyfinity.com/formmaker" />
		<fm:group border_styling="false" compatability="false" fieldset="false" gen_method="grid" hide="false" label_position="left" name="hidden_fields_grid" submit_if_hidden="true">
			<label class="label" options="static" position="outside_group" position_override="top" required="false" style="" type="static" value="Layout Grid" xmlns="http://www.hyfinity.com/formmaker">
				<container class="groupLabelBackground" options="static" style="">
					<content_alignment distribution="vertical" />
				</container>
			</label>
			<style class="" options="static" style="" xmlns="http://www.hyfinity.com/formmaker" />
			<grid_structure cols="1" rows="1" xmlns="http://www.hyfinity.com/formmaker">
				<grid_component col="1" name="genInitComplete" row="1" />
			</grid_structure>
			<fm:content_alignment distribution="vertical" halign="left" valign="top" />
			<fm:sizing height="fit_to_content" width="fully_expand" />
			<palette_ref control="Layout Grid" xmlns="http://www.hyfinity.com/formmaker" />
			<fm:element disable="false" disable_method="read_only" generate="true" hide="false" name="genInitComplete">
				<field xmlns="http://www.hyfinity.com/formmaker">
					<input options="dynamic">hidden</input>
					<style class="hide" options="static" style="" />
					<element_style class="hide" options="static" style="" />
					<date_picker class="" content="" required="false" type="normal" />
					<label class="hide" options="static" required="false" style="" type="static" value="Hidden Label">
						<container class="hide" options="static" style="" />
					</label>
					<container />
				</field>
				<constraints validate="false" xmlns="http://www.hyfinity.com/formmaker">
					<type>string</type>
					<required>false</required>
					<enumeration use_for_output="false" />
				</constraints>
				<error xmlns="http://www.hyfinity.com/formmaker">
					<hint class="hintIcon" style="" use="false">Enter a hint here.</hint>
					<server class="errorIcon" retain="false" style="" use="false" />
				</error>
				<palette_ref control="Hidden" xmlns="http://www.hyfinity.com/formmaker" />
			</fm:element>
		</fm:group>
	</fm:group>
</fm:structure>
