<?xml version="1.0" encoding="UTF-8"?>
<eForm xmlns="http://www.hyfinity.com/mvc" xmlns:mvc="http://www.hyfinity.com/mvc">
	<Control>
		<action>getRequestNumber</action>
		<Page />
		<Controller />
	</Control>
	<Data>
		<formData>
			<h_response_requestNumber />
			<h_response_requestStatus />
			<h_ProcessDefinitionName />
			<tab_control />
			<h_formData />
			<h_activityName />
			<h_witemParticipantID />
			<h_witemParticipantName />
			<h_userGroups />
			<h_currentUserMemberID />
			<h_currentUserName />
			<h_creationdate />
			<h_lookupXMLString />
			<h_procid />
			<h_now />
			<h_definitionName />
			<h_sessioninfo />
			<h_readOnly />
			<h_currentTabID />
			<h_currentUserRoles />
			<h_hardStopRequired />
			<pv_adminCode />
			<pv_adminEmailAddress />
			<pvAdminCode_2 />
			<pv_atcApprover2 />
			<pv_atcApprover3 />
			<pv_atcPreparer />
			<pv_atcSignOffReq2 />
			<pv_atcSignOffReq3 />
			<pv_cancelReason />
			<pv_cdcEmailDisclaimer />
			<pv_cioAdminPOC />
			<pv_classSpecialist />
			<pv_classificationType />
			<pv_clearanceReqImmig />
			<pv_clearanceReqSecurity />
			<pv_clearanceReqEthics />
			<pv_effectiveDate />
			<pv_hiringMethod />
			<pv_hrStaffingAssistant />
			<pv_hroSpecialist />
			<pv_hroSpecialistSenior />
			<pv_jobRequestNumber />
			<pv_meetingDate />
			<pv_meetingDateString />
			<pv_orgName />
			<pv_packageSubmissionDate />
			<pv_parentProcId />
			<pv_pmSteward />
			<pv_positionTitle />
			<pv_requestStatus />
			<pv_requestType />
			<pv_returnToHrStaffer />
			<pv_selectOfficial />
			<pv_tsaProcessor />
			<pv_tsaReturnTarget />
			<WIH_exit_requested />
			<WIH_save_requested />
			<WIH_complete_requested />
			<readOnly />
			<readOnly2 />
			<pv_returnToPmSteward />
			<pv_clearancesRcvd />
			<pv_hasForwardedToHRSA />
			<pv_returnToTsaProcessor />
			<pv_forwardHRSAssistant />
			<pv_forwardHRSAssistant_2 />
			<pv_empId />
			<pv_empName />
			<pv_usas_CertNo />
			<pv_usas_JRNo />
			<pv_usas_VAN />
			<pv_usas_VIN />
		</formData>
		<WorkitemContext xmlns="">
			<SessionInfoXML />
			<Process>
				<ID />
				<Name />
				<Description />
				<State />
				<ProcessDefinitionID />
				<ProcessDefinitionName />
				<Deadline />
				<Initiator />
				<InitiatorName />
				<CreationDateTime />
				<CompleteDateTime />
				<ProcessVariables>
					<adminCode />
					<adminEmailAddress />
					<atcApprover2 />
					<atcApprover3 />
					<atcPreparer />
					<atcSignOffReq2 />
					<atcSignOffReq3 />
					<cancelReason />
					<cdcEmailDisclaimer />
					<cioAdminPOC />
					<classSpecialist />
					<classificationType />
					<clearanceReqEthics />
					<clearanceReqImmig />
					<clearanceReqSecurity />
					<clearancesRcvd />
					<hiringMethod />
					<hrStaffingAssistant />
					<hroSpecialist />
					<hroSpecialistSenior />
					<jobRequestNumber />
					<meetingDate />
					<meetingDateString />
					<orgName />
					<packageSubmissionDate />
					<parentProcId />
					<pmSteward />
					<positionTitle />
					<procId />
					<requestStatus />
					<requestType />
					<returnToCIO />
					<selectOfficial />
					<sysDocDelMode />
					<tsaProcessor />
					<tsaReturnTarget />
				</ProcessVariables>
				<CustomAttributes>
					<CustomAttribute>
						<Name />
						<CustomAttributeValueType />
						<Value />
						<Description />
					</CustomAttribute>
					<CustomAttribute>
						<Name />
						<CustomAttributeValueType />
						<Value />
						<Description />
					</CustomAttribute>
					<CustomAttribute>
						<Name />
						<CustomAttributeValueType />
						<Value />
						<Description />
					</CustomAttribute>
				</CustomAttributes>
			</Process>
			<Activity>
				<Sequence />
				<Name />
				<Description />
				<State />
				<CreationDateTime />
				<CompleteDateTime />
				<Responses>
					<Response>
						<Name />
						<IsDefault />
						<Rule />
					</Response>
					<Response>
						<Name />
						<IsDefault />
						<Rule />
					</Response>
					<Response>
						<Name />
						<IsDefault />
						<Rule />
					</Response>
				</Responses>
				<CustomAttributes>
					<CustomAttribute>
						<Name />
						<CustomAttributeValueType />
						<Value />
						<Description />
					</CustomAttribute>
					<CustomAttribute>
						<Name />
						<CustomAttributeValueType />
						<Value />
						<Description />
					</CustomAttribute>
					<CustomAttribute>
						<Name />
						<CustomAttributeValueType />
						<Value />
						<Description />
					</CustomAttribute>
				</CustomAttributes>
			</Activity>
			<Workitem>
				<Sequence />
				<Participant />
				<ParticipantName />
				<ParticipantType />
				<State />
				<CreationDateTime />
				<StartDateTime />
				<CompleteDateTime />
				<CheckedOutUser />
				<CheckedOutUserName />
				<Deadline />
			</Workitem>
			<User>
				<LoginID />
				<MemberID />
				<Name />
				<ShortName />
				<DepartmentName />
				<EmployeeCode />
				<Email />
				<JobTitle1 />
				<JobTitle2 />
				<JobTitle3 />
				<CustomAttribute1 />
				<CustomAttribute2 />
				<CustomAttribute3 />
				<CustomAttribute4 />
				<CustomAttribute5 />
				<UserGroups>
					<UserGroup>
						<ID />
						<Name />
						<Path />
					</UserGroup>
					<UserGroup>
						<ID />
						<Name />
						<Path />
					</UserGroup>
					<UserGroup>
						<ID />
						<Name />
						<Path />
					</UserGroup>
				</UserGroups>
			</User>
			<Application>
				<Name />
				<ApplicationState />
				<CheckOutState />
				<CheckedOutUser />
				<Updatable />
				<ViewType />
			</Application>
		</WorkitemContext>
	</Data>
</eForm>
