<?xml version="1.0" encoding="UTF-8"?>
<eForm xmlns="http://www.hyfinity.com/mvc" xmlns:mvc="http://www.hyfinity.com/mvc">
	<Control>
		<action />
		<Page />
		<Controller />
	</Control>
	<Data>
		<WorkitemContext xmlns="">
			<SessionInfoXML />
			<Process>
				<ID />
				<Name />
				<Description />
				<State />
				<ProcessDefinitionID />
				<ProcessDefinitionName />
				<Deadline />
				<Initiator />
				<InitiatorName />
				<CreationDateTime />
				<CompleteDateTime />
				<ProcessVariables>
					<adminCode />
					<adminEmailAddress />
					<cancelReason />
					<cdcEmailDisclaimer />
					<cioAdminPOC />
					<classSpecialist />
					<classificationType />
					<hiringMethod />
					<hrStaffingAssistant />
					<hroSpecialist />
					<jobRequestNumber />
					<meetingDate />
					<meetingDateString />
					<orgName />
					<packageSubmissionDate />
					<parentProcId />
					<positionTitle />
					<procId />
					<requestStatus />
					<requestType />
					<returnToCIO />
					<selectOfficial />
					<sysDocDelMode />
				</ProcessVariables>
				<CustomAttributes>
					<CustomAttribute>
						<Name />
						<CustomAttributeValueType />
						<Value />
						<Description />
					</CustomAttribute>
					<CustomAttribute>
						<Name />
						<CustomAttributeValueType />
						<Value />
						<Description />
					</CustomAttribute>
					<CustomAttribute>
						<Name />
						<CustomAttributeValueType />
						<Value />
						<Description />
					</CustomAttribute>
				</CustomAttributes>
			</Process>
			<Activity>
				<Sequence />
				<Name />
				<Description />
				<State />
				<CreationDateTime />
				<CompleteDateTime />
				<Responses>
					<Response>
						<Name />
						<IsDefault />
						<Rule />
					</Response>
					<Response>
						<Name />
						<IsDefault />
						<Rule />
					</Response>
					<Response>
						<Name />
						<IsDefault />
						<Rule />
					</Response>
				</Responses>
				<CustomAttributes>
					<CustomAttribute>
						<Name />
						<CustomAttributeValueType />
						<Value />
						<Description />
					</CustomAttribute>
					<CustomAttribute>
						<Name />
						<CustomAttributeValueType />
						<Value />
						<Description />
					</CustomAttribute>
					<CustomAttribute>
						<Name />
						<CustomAttributeValueType />
						<Value />
						<Description />
					</CustomAttribute>
				</CustomAttributes>
			</Activity>
			<Workitem>
				<Sequence />
				<Participant />
				<ParticipantName />
				<ParticipantType />
				<State />
				<CreationDateTime />
				<StartDateTime />
				<CompleteDateTime />
				<CheckedOutUser />
				<CheckedOutUserName />
				<Deadline />
			</Workitem>
			<User>
				<LoginID />
				<MemberID />
				<Name />
				<ShortName />
				<DepartmentName />
				<EmployeeCode />
				<Email />
				<JobTitle1 />
				<JobTitle2 />
				<JobTitle3 />
				<CustomAttribute1 />
				<CustomAttribute2 />
				<CustomAttribute3 />
				<CustomAttribute4 />
				<CustomAttribute5 />
				<UserGroups>
					<UserGroup>
						<ID />
						<Name />
						<Path />
					</UserGroup>
					<UserGroup>
						<ID />
						<Name />
						<Path />
					</UserGroup>
					<UserGroup>
						<ID />
						<Name />
						<Path />
					</UserGroup>
				</UserGroups>
			</User>
			<Application>
				<Name />
				<ApplicationState />
				<CheckOutState />
				<CheckedOutUser />
				<Updatable />
				<ViewType />
			</Application>
		</WorkitemContext>
		<FORM_DATA xmlns="">
			<ID />
			<DOCUMENT>
				<GENERAL>
					<ADMIN_CD />
					<RT_ID />
					<CT_ID />
					<SO_ID />
					<SO_PHONE />
					<SO_ORG />
					<CIOA_ID />
					<CIOA_PHONE />
					<HROS_ID />
					<HROS_PHONE />
					<CLASS_SPEC_ID />
					<CLASS_SPEC_PHONE />
					<SME_REQ />
					<SME_NAME />
					<SME_EMAIL />
					<SME_ORG />
					<STF_VAL />
					<STF_VAL_JUST />
					<PBMS_CON />
					<PBMS_CON_JUST />
					<HIRE_GUIDE_REV />
					<HIRE_GUIDE_REV_JUST />
				</GENERAL>
			</DOCUMENT>
		</FORM_DATA>
		<formData>
			<genInitComplete />
			<REQUEST_TYPE />
			<STF_VAL />
			<HIRE_GUIDE_REV />
			<SLOT_REQ />
			<FND_CONF />
			<POS_AOC />
			<ADMIN_CD />
			<ORG_NAME />
			<CAPHR_REMARKS />
		</formData>
	</Data>
</eForm>
