<?xml version="1.0" encoding="UTF-8"?>
<application scale="0.6666666865348816" transx="0" transy="-3.564983261675142" xmlns="http://www.hyfinity.com/formmaker">
	<display_type>mvc</display_type>
	<defaults>
		<source_type>wsdl</source_type>
		<target_type />
		<skin>demo_skin.xsl</skin>
		<defaults_file>defaults.xml</defaults_file>
		<accessibility_level>Double-A</accessibility_level>
		<script_files>
			<script_file path="custom/js/aptAtc.js" />
		</script_files>
		<css_files>
			<css_file path="theme/bizflow_default/css/theme.css" />
			<css_file path="theme/bizflow_default/css/theme_ie8.css">
				<condition type="browser">IE,LE,8</condition>
			</css_file>
			<css_file path="theme/bizflow_default/css/print_completed.css">
				<condition type="media">print</condition>
			</css_file>
			<css_file path="theme/bizflow_default/css/theme_mobile.css">
				<condition type="media">only screen and (max-width: 1024px)</condition>
			</css_file>
			<css_file path="custom/css/act.css" />
		</css_files>
		<preview>
			<location>${user-data-location}/CDC/mvc/apt_atc/webapp</location>
			<URL>${user-preview-url}/CDC/mvc/apt_atc/webapp</URL>
		</preview>
		<default_nodes>
			<view_painter_node>mvc-apt_atc-view-Page_Painter</view_painter_node>
		</default_nodes>
		<java_code>
			<location>C:\jprogramfiles\hyfinity\java\BizFlow</location>
			<package>com.example.jcontrollers</package>
		</java_code>
	</defaults>
	<pages>
		<page id="BizFlowEntry" type="normal" x="-71" y="-67">
			<target_type>hyfinity_sxforms</target_type>
			<start_page>true</start_page>
			<css_override>false</css_override>
			<form_ref>BizFlowEntry</form_ref>
		</page>
		<page id="atc" type="subsection" x="4" y="-67">
			<target_type>hyfinity_sxforms</target_type>
			<start_page>false</start_page>
			<css_override>false</css_override>
			<form_ref>atc</form_ref>
			<fm:data_sources xmlns:fm="http://www.hyfinity.com/formmaker" xmlns:xs="http://www.w3.org/2001/XMLSchema">
				<fm:data_source action="WorkitemContext" generated="atc" id="1" name="BizFlow_WorkitemContext.xsd" type="xsd" use="" />
			</fm:data_sources>
		</page>
	</pages>
	<handlers>
		<handler id="atc" implementation="xml" type="subsection" x="-2" y="-65">
			<node>mvc-apt_atc-atc-Controller</node>
		</handler>
	</handlers>
	<forms>
		<form id="BizFlowEntry">
			<data_to_form collection="CDC/mvc/apt_atc/message_pool" xstore="blueprints">to_BizFlowEntry_page.xml</data_to_form>
			<structure_generated>true</structure_generated>
		</form>
		<form id="atc">
			<data_to_form collection="CDC/mvc/apt_atc/message_pool" xstore="blueprints">to_atc_page.xml</data_to_form>
			<structure_generated>true</structure_generated>
		</form>
	</forms>
	<links>
		<link id="BizFlowEntry__general__link_1">
			<source type="Page">BizFlowEntry</source>
			<target type="Page">atc</target>
			<action>atc</action>
			<submission_method>subsection</submission_method>
			<data_from_form collection="CDC/mvc/apt_atc/message_pool" xstore="blueprints">calling_atc_action.xml</data_from_form>
			<instance_type>static</instance_type>
			<fm:data_sources xmlns:fm="http://www.hyfinity.com/formmaker" xmlns:xs="http://www.w3.org/2001/XMLSchema" />
		</link>
	</links>
</application>
