<?xml version="1.0" encoding="UTF-8"?>
<eForm xmlns="http://www.hyfinity.com/mvc" xmlns:mvc="http://www.hyfinity.com/mvc">
	<Control>
		<action />
		<Page />
		<Controller />
		<currentTabID />
	</Control>
	<Data>
		<lookupString xmlns="" />
		<hhs_usergroupString xmlns="" />
		<userGroups xmlns="" />
		<hhs_usergroup xmlns="" />
		<current_user_roles xmlns="" />
		<formData>
			<h_ProcessDefinitionName />
			<tab_control />
			<h_now />
			<h_hardStopRequired />
			<pv_adminCode />
			<pv_adminEmailAddress />
			<WIH_exit_requested />
			<WIH_save_requested />
			<WIH_complete_requested />
			<sessioninfo2 />
			<procid2 />
			<actseq2 />
			<workseq2 />
			<appseq2 />
			<isarchive2 />
			<readOnly2 />
			<requestNumber />
			<requestType />
			<pv_can />
			<pv_noac />
			<pv_parAction />
			<pv_propEffectiveDate />
			<pv_parActionType />
			<pv_remarks />
		</formData>
		<WorkitemContext xmlns="">
			<SessionInfoXML />
			<Process>
				<ID />
				<Name />
				<Description />
				<State />
				<ProcessDefinitionID />
				<ProcessDefinitionName />
				<Deadline />
				<Initiator />
				<InitiatorName />
				<CreationDateTime />
				<CompleteDateTime />
				<ProcessVariables xmlns:xs="http://www.w3.org/2001/XMLSchema">
					<adminCode />
					<adminEmailAddress />
					<can />
					<cancelReason />
					<cdcEmailDisclaimer />
					<cioAdminPOC />
					<classSpecialist />
					<empId />
					<empName />
					<firstAuth />
					<hiringMethod />
					<hrActionType />
					<hroSpecialist />
					<initiationType />
					<isPreConsultEmailSent />
					<jobRequestNumber />
					<noac />
					<orgName />
					<parAction />
					<parActionType />
					<preConsultReq />
					<procId />
					<propEffectiveDate />
					<remarks />
					<requestStatus />
					<requestType />
					<secondAuth />
					<selectOfficial />
					<triageType />
				</ProcessVariables>
				<CustomAttributes>
					<CustomAttribute>
						<Name />
						<CustomAttributeValueType />
						<Value />
						<Description />
					</CustomAttribute>
					<CustomAttribute>
						<Name />
						<CustomAttributeValueType />
						<Value />
						<Description />
					</CustomAttribute>
					<CustomAttribute>
						<Name />
						<CustomAttributeValueType />
						<Value />
						<Description />
					</CustomAttribute>
				</CustomAttributes>
			</Process>
			<Activity>
				<Sequence />
				<Name />
				<Description />
				<State />
				<CreationDateTime />
				<CompleteDateTime />
				<Responses>
					<Response>
						<Name />
						<IsDefault />
						<Rule />
					</Response>
					<Response>
						<Name />
						<IsDefault />
						<Rule />
					</Response>
					<Response>
						<Name />
						<IsDefault />
						<Rule />
					</Response>
				</Responses>
				<CustomAttributes>
					<CustomAttribute>
						<Name />
						<CustomAttributeValueType />
						<Value />
						<Description />
					</CustomAttribute>
					<CustomAttribute>
						<Name />
						<CustomAttributeValueType />
						<Value />
						<Description />
					</CustomAttribute>
					<CustomAttribute>
						<Name />
						<CustomAttributeValueType />
						<Value />
						<Description />
					</CustomAttribute>
				</CustomAttributes>
			</Activity>
			<Workitem>
				<Sequence />
				<Participant />
				<ParticipantName />
				<ParticipantType />
				<State />
				<CreationDateTime />
				<StartDateTime />
				<CompleteDateTime />
				<CheckedOutUser />
				<CheckedOutUserName />
				<Deadline />
			</Workitem>
			<User>
				<LoginID />
				<MemberID />
				<Name />
				<ShortName />
				<DepartmentName />
				<EmployeeCode />
				<Email />
				<JobTitle1 />
				<JobTitle2 />
				<JobTitle3 />
				<CustomAttribute1 />
				<CustomAttribute2 />
				<CustomAttribute3 />
				<CustomAttribute4 />
				<CustomAttribute5 />
				<UserGroups>
					<UserGroup>
						<ID />
						<Name />
						<Path />
					</UserGroup>
					<UserGroup>
						<ID />
						<Name />
						<Path />
					</UserGroup>
					<UserGroup>
						<ID />
						<Name />
						<Path />
					</UserGroup>
				</UserGroups>
			</User>
			<Application>
				<Name />
				<ApplicationState />
				<CheckOutState />
				<CheckedOutUser />
				<Updatable />
				<ViewType />
			</Application>
		</WorkitemContext>
		<lookup xmlns="">
			<status>
				<record_count />
			</status>
			<record>
				<ID />
				<PARENTID />
				<LTYPE />
				<LABEL />
				<ACTIVE />
				<DISPORDER />
			</record>
		</lookup>
	</Data>
</eForm>
