<?xml version="1.0" encoding="UTF-8"?>
<fm:structure xmlns:fm="http://www.hyfinity.com/formmaker">
	<form_details xmlns="http://www.hyfinity.com/formmaker">
		<error_highlight_method alert="false" as_you_type="true" validation_mode="all">bubble</error_highlight_method>
		<hint_display_method>tooltip</hint_display_method>
		<top_level_message class="topLevelMessage" required="false" style="" />
		<mark_mandatory class="mandatory" location="after_label" required="true" style=""> * </mark_mandatory>
		<description>Enter a description.</description>
		<page_background_style class="" style="" />
		<page_content_style class="" style="" />
		<page_events>
			<events>
				<event id="onload">
					<action id="CustomScript">
						<param name="Script" option="Script">p2wPosition.init();</param>
					</action>
				</event>
				<event id="onbeforeload">
					<action id="FunctionCall">
						<param name="Function" option="Static" value="require" />
						<param name="Parameters" option="Script" value="[&quot;dijit/form/NumberTextBox&quot;]" />
					</action>
				</event>
			</events>
		</page_events>
		<external_events />
	</form_details>
	<fm:group border_styling="false" compatability="true" fieldset="false" gen_method="layout" hide="false" label_position="top" name="position_main_lg" submit_if_hidden="true">
		<label class="label" options="static" position="outside_group" position_override="top" required="false" style="" type="static" value="Position Information" xmlns="http://www.hyfinity.com/formmaker">
			<container class="groupLabelBackground" options="static" style="">
				<content_alignment distribution="vertical" />
			</container>
		</label>
		<style class="" options="static" style="width: 100%;" xmlns="http://www.hyfinity.com/formmaker" />
		<fm:content_alignment distribution="vertical" halign="left" valign="top" />
		<fm:sizing height="custom" width="fully_expand" />
		<palette_ref control="Layout Group" xmlns="http://www.hyfinity.com/formmaker" />
		<fm:custom name="custom_control_10" type="custom">
			<fm:code>
				<div class="customControl" xmlns="">
					<p id="reqmsg-tab2" tabindex="0">Items marked with a * are required.</p>
					<p id="errcnt-tab2"></p>
					<ul id="errlist-tab2" />
				</div>
			</fm:code>
			<fm:description>Enter a description.</fm:description>
			<palette_ref control="Custom" xmlns="http://www.hyfinity.com/formmaker" />
		</fm:custom>
		<fm:group border_styling="false" compatability="false" fieldset="false" gen_method="grid" hide="false" label_position="left" name="one_column_grid" submit_if_hidden="true">
			<label class="label" options="static" position="outside_group" position_override="top" required="false" style="" type="static" value="Layout Grid" xmlns="http://www.hyfinity.com/formmaker">
				<container class="groupLabelBackground" options="static" style="">
					<content_alignment distribution="vertical" halign="left" valign="middle" />
					<sizing height="custom" width="fully_expand" />
				</container>
			</label>
			<style class="" options="static" style="" xmlns="http://www.hyfinity.com/formmaker" />
			<fm:grid_structure cols="1" rows="1">
				<fm:grid_component col="1" name="one_column_1" row="1" />
			</fm:grid_structure>
			<fm:palette_ref control="One Column" />
			<fm:sizing height="fit_to_content" width="fully_expand" />
			<fm:group border_styling="false" compatability="false" fieldset="false" gen_method="layout" hide="false" label_position="top" name="one_column_1" submit_if_hidden="true">
				<label class="label" options="static" position="outside_group" position_override="top" required="false" style="" type="static" value="Container Group" xmlns="http://www.hyfinity.com/formmaker">
					<container class="groupLabelBackground" options="static" style="" />
				</label>
				<style class="" options="static" style="width:100%;" xmlns="http://www.hyfinity.com/formmaker" />
				<fm:palette_ref control="Layout Group" />
				<fm:content_alignment distribution="horizontal" halign="left" valign="bottom" />
				<fm:sizing height="fit_to_content" width="custom" />
				<fm:element disable="false" disable_method="read_only" generate="true" hide="false" name="POS_JOB_REQ_NUM">
					<field xmlns="http://www.hyfinity.com/formmaker">
						<input options="static">text</input>
						<style class="defaultBackground textboxControl" options="static" style="" />
						<element_style class="textbox" options="static" style="width : 275px;" />
						<date_picker class="datePickerIcon" content="" required="false" type="normal" />
						<label class="label" options="static" position_override="top" required="true" style="" type="static" value="Job Requisition Number">
							<container class="labelBackground labelControl" options="static" />
						</label>
						<container />
					</field>
					<constraints validate="true" xmlns="http://www.hyfinity.com/formmaker">
						<type>string</type>
						<required>true</required>
						<maxLength>100</maxLength>
						<enumeration use_for_output="false" />
					</constraints>
					<error xmlns="http://www.hyfinity.com/formmaker">
						<hint class="hintIcon" style="" use="false">Enter a hint here.</hint>
						<server class="errorIcon" retain="false" style="" use="false" />
						<message_override>Job Requisition Number is Required</message_override>
					</error>
					<palette_ref control="Text Box" xmlns="http://www.hyfinity.com/formmaker" />
					<accessibility xmlns="http://www.hyfinity.com/formmaker">
						<alt>Enter Job Requisition Number</alt>
					</accessibility>
				</fm:element>
			</fm:group>
			<content_alignment distribution="vertical" halign="left" valign="top" xmlns="http://www.hyfinity.com/formmaker" />
		</fm:group>
		<fm:group border_styling="false" compatability="false" fieldset="false" gen_method="layout" hide="false" label_position="left" name="layout_group_2" submit_if_hidden="true">
			<label class="label" options="static" position="outside_group" position_override="top" required="true" style="" type="static" value="Position Information" xmlns="http://www.hyfinity.com/formmaker">
				<container class="groupLabelBackground" options="static" style="">
					<content_alignment distribution="vertical" />
				</container>
			</label>
			<style class="" options="static" style="" xmlns="http://www.hyfinity.com/formmaker" />
			<fm:content_alignment distribution="vertical" halign="left" valign="top" />
			<fm:sizing height="fit_to_content" width="fully_expand" />
			<palette_ref control="Layout Group" xmlns="http://www.hyfinity.com/formmaker" />
			<fm:group border_styling="false" compatability="false" fieldset="false" gen_method="grid" hide="false" label_position="left" name="POSITION_MAIN_GRID" submit_if_hidden="true">
				<label class="label" options="static" position="outside_group" position_override="top" required="false" style="" type="static" value="Layout Grid" xmlns="http://www.hyfinity.com/formmaker">
					<container class="groupLabelBackground" options="static" style="">
						<content_alignment distribution="vertical" halign="left" valign="middle" />
						<sizing height="custom" width="fully_expand" />
					</container>
				</label>
				<style class="" options="static" style="" xmlns="http://www.hyfinity.com/formmaker" />
				<fm:grid_structure cols="1" rows="13">
					<fm:grid_component col="1" name="one_column_3" row="1" />
					<grid_component col="1" name="one_column_4" row="2" xmlns="http://www.hyfinity.com/formmaker" />
					<grid_component col="1" name="one_column_5" row="3" xmlns="http://www.hyfinity.com/formmaker" />
					<grid_component col="1" name="one_column_7" row="4" xmlns="http://www.hyfinity.com/formmaker" />
					<grid_component col="1" name="one_column_8" row="5" xmlns="http://www.hyfinity.com/formmaker" />
					<grid_component col="1" name="one_column_9" row="6" xmlns="http://www.hyfinity.com/formmaker" />
					<grid_component col="1" name="one_column_10" row="7" xmlns="http://www.hyfinity.com/formmaker" />
					<grid_component col="1" name="DS_COLUMN" row="8" xmlns="http://www.hyfinity.com/formmaker" />
					<grid_component col="1" name="one_column_13" row="9" xmlns="http://www.hyfinity.com/formmaker" />
					<grid_component col="1" name="one_column_14" row="10" xmlns="http://www.hyfinity.com/formmaker" />
					<grid_component col="1" name="one_column_15" row="11" xmlns="http://www.hyfinity.com/formmaker" />
					<grid_component col="1" name="one_column_17" row="12" xmlns="http://www.hyfinity.com/formmaker" />
					<grid_component col="1" name="one_column_18" row="13" xmlns="http://www.hyfinity.com/formmaker" />
				</fm:grid_structure>
				<fm:palette_ref control="One Column" />
				<fm:sizing height="fit_to_content" width="fully_expand" />
				<fm:group border_styling="false" compatability="false" fieldset="false" gen_method="layout" hide="false" label_position="top" name="one_column_3" submit_if_hidden="true">
					<label class="label" options="static" position="outside_group" position_override="top" required="false" style="" type="static" value="Container Group" xmlns="http://www.hyfinity.com/formmaker">
						<container class="groupLabelBackground" options="static" style="">
							<content_alignment distribution="vertical" />
						</container>
					</label>
					<style class="" options="static" style="width:100%;" xmlns="http://www.hyfinity.com/formmaker" />
					<fm:palette_ref control="Layout Group" />
					<fm:content_alignment distribution="horizontal" halign="left" valign="top" />
					<fm:sizing height="fit_to_content" width="custom" />
					<fm:element disable="false" disable_method="read_only" generate="true" hide="false" name="POS_TITLE">
						<field xmlns="http://www.hyfinity.com/formmaker">
							<input options="dynamic">text</input>
							<style class="defaultBackground textboxControl" options="static" style="" />
							<element_style class="textbox multiValueSrc" options="static" style="width : 275px;" />
							<date_picker class="datePickerIcon" content="" required="false" type="normal" />
							<label class="label" options="static" required="true" style="" type="static" value="Position Title">
								<container class="labelBackground labelControl" options="static">
									<sizing width="custom" />
								</container>
							</label>
							<container>
								<sizing width="custom" />
							</container>
						</field>
						<constraints validate="true" xmlns="http://www.hyfinity.com/formmaker">
							<type>string</type>
							<required>true</required>
							<maxLength>4000</maxLength>
							<enumeration use_for_output="false" />
						</constraints>
						<error xmlns="http://www.hyfinity.com/formmaker">
							<hint class="hintIcon" style="" use="false">Enter a hint here.</hint>
							<server class="errorIcon" retain="false" style="" use="false" />
							<message_override>At least one Position Title (along with Series) must be added</message_override>
						</error>
						<palette_ref control="Text Box" xmlns="http://www.hyfinity.com/formmaker" />
						<accessibility xmlns="http://www.hyfinity.com/formmaker">
							<alt>Enter Official Title of Position</alt>
						</accessibility>
					</fm:element>
					<fm:element disable="false" disable_method="read_only" generate="true" hide="false" name="POS_SERIES">
						<field xmlns="http://www.hyfinity.com/formmaker">
							<input options="static">text</input>
							<style class="defaultBackground textboxControl" options="static" style="" />
							<element_style class="textbox js-autocomplete multiValueSrc" options="static" style="width : 275px;" />
							<date_picker class="datePickerIcon" content="" required="false" type="normal" />
							<label class="label" options="static" required="true" style="" type="static" value="Series">
								<container class="labelBackground labelControl" options="static" />
							</label>
							<container />
						</field>
						<constraints validate="true" xmlns="http://www.hyfinity.com/formmaker">
							<type>string</type>
							<required>true</required>
							<enumeration use_for_output="false" />
						</constraints>
						<error xmlns="http://www.hyfinity.com/formmaker">
							<hint class="hintIcon" style="" use="false">Enter a hint here.</hint>
							<server class="errorIcon" retain="false" style="" use="false" />
							<message_override>At least one Series (along with Position Title) must be added</message_override>
						</error>
						<palette_ref control="Text Box" xmlns="http://www.hyfinity.com/formmaker" />
						<custom_attributes xmlns="http://www.hyfinity.com/formmaker">
							<attribute name="data-autocompletevaluename" type="custom" value="SERIES_CODE" />
							<attribute name="data-autocompletelabels" type="custom" value="SERIES_CODE,SERIES_DISPLAY" />
							<attribute name="data-autocompleteurl" type="custom" value="SearchSeries.do?searchSeries=" />
							<attribute name="data-autocompleteminlength" type="custom" value="1" />
						</custom_attributes>
						<placeholder text="Series" xmlns="http://www.hyfinity.com/formmaker">
							<icon class="defaultIcon" position="left" use="false" />
						</placeholder>
						<accessibility xmlns="http://www.hyfinity.com/formmaker">
							<alt>Begin typing to retrieve a list of Series and select one.</alt>
						</accessibility>
					</fm:element>
					<fm:element disable="false" disable_method="disabled" generate="true" hide="false" name="ADD_POS_SR">
						<field xmlns="http://www.hyfinity.com/formmaker">
							<input caption="Add Position / Series" options="static">htmlButton</input>
							<style class="defaultBackground buttonControl" options="static" style="" />
							<element_style class="button" options="static" style="margin-top:28px" />
							<date_picker class="" content="" required="false" type="normal" />
							<label class="label" options="static" required="false" style="" type="static" value="Button Label">
								<container class="labelBackground labelControl" options="static" />
							</label>
							<container />
						</field>
						<constraints validate="false" xmlns="http://www.hyfinity.com/formmaker">
							<type>string</type>
							<required>false</required>
							<enumeration use_for_output="false" />
						</constraints>
						<error xmlns="http://www.hyfinity.com/formmaker">
							<hint class="hintIcon" style="" use="false">Enter a hint here.</hint>
							<server class="errorIcon" retain="false" style="" use="false" />
						</error>
						<palette_ref control="Button (Standard)" xmlns="http://www.hyfinity.com/formmaker" />
					</fm:element>
					<fm:custom name="POS_TITLE_SERIES_DISPLAY_DIV" type="custom">
						<fm:code>
							<div class="customControl" xmlns="">
								<span class="labelBackground labelControl hasSuccess">
									<label class="label" for="ptSrList">Selected Position / Series</label>
									<span class="mandatory" style="" title="Mandatory field"> * </span>
								</span>
								<ul aria-live="polite" class="no-bullets" id="ptSrList" role="alert" />
							</div>
							<style xmlns="">ul.no-bullets{list-style: none;}</style>
						</fm:code>
						<fm:description>Enter a description.</fm:description>
						<palette_ref control="Custom" xmlns="http://www.hyfinity.com/formmaker" />
					</fm:custom>
				</fm:group>
				<fm:group border_styling="false" compatability="false" fieldset="false" gen_method="layout" hide="false" label_position="top" name="one_column_4" submit_if_hidden="true">
					<label class="label" options="static" position="outside_group" position_override="top" required="false" style="" type="static" value="Container Group" xmlns="http://www.hyfinity.com/formmaker">
						<container class="groupLabelBackground" options="static" style="">
							<content_alignment distribution="vertical" />
						</container>
					</label>
					<style class="" options="static" style="width:100%;" xmlns="http://www.hyfinity.com/formmaker" />
					<fm:palette_ref control="Layout Group" />
					<fm:content_alignment distribution="horizontal" halign="left" valign="bottom" />
					<fm:sizing height="fit_to_content" width="custom" />
					<fm:element disable="false" disable_method="read_only" generate="true" hide="false" name="POS_FUNCTIONAL_TITLE">
						<field xmlns="http://www.hyfinity.com/formmaker">
							<input options="dynamic">text</input>
							<style class="defaultBackground textboxControl" options="static" style="" />
							<element_style class="textbox" options="static" style="width : 275px;" />
							<date_picker class="datePickerIcon" content="" required="false" type="normal" />
							<label class="label" options="static" required="true" style="" type="static" value="Functional Position Title">
								<container class="labelBackground labelControl" options="static" />
							</label>
							<container />
						</field>
						<constraints validate="true" xmlns="http://www.hyfinity.com/formmaker">
							<type>string</type>
							<required>false</required>
							<maxLength>4000</maxLength>
							<enumeration use_for_output="false" />
						</constraints>
						<error xmlns="http://www.hyfinity.com/formmaker">
							<hint class="hintIcon" style="" use="false">Enter a hint here.</hint>
							<server class="errorIcon" retain="false" style="" use="false" />
						</error>
						<palette_ref control="Text Box" xmlns="http://www.hyfinity.com/formmaker" />
						<accessibility xmlns="http://www.hyfinity.com/formmaker">
							<alt>Enter Functional Position Title</alt>
						</accessibility>
					</fm:element>
					<fm:element disable="false" disable_method="read_only" generate="true" hide="false" name="POS_PAY_PLAN_CODE">
						<field xmlns="http://www.hyfinity.com/formmaker">
							<input options="static">text</input>
							<style class="defaultBackground textboxControl" options="static" style="" />
							<element_style class="textbox js-autocomplete" options="static" style="width : 275px;" />
							<date_picker class="datePickerIcon" content="" required="false" type="normal" />
							<label class="label" options="static" required="true" style="" type="static" value="Pay Plan">
								<container class="labelBackground labelControl" options="static" />
							</label>
							<container />
						</field>
						<constraints validate="true" xmlns="http://www.hyfinity.com/formmaker">
							<type>string</type>
							<required>true</required>
							<maxLength>4000</maxLength>
							<enumeration use_for_output="false" />
						</constraints>
						<error xmlns="http://www.hyfinity.com/formmaker">
							<hint class="hintIcon" style="" use="false">Enter a hint here.</hint>
							<server class="errorIcon" retain="false" style="" use="false" />
							<message_override>Pay Plan is Required</message_override>
						</error>
						<palette_ref control="Text Box" xmlns="http://www.hyfinity.com/formmaker" />
						<custom_attributes xmlns="http://www.hyfinity.com/formmaker">
							<attribute name="data-autocompletevaluename" type="custom" value="PAYPLAN_CODE" />
							<attribute name="data-autocompletelabels" type="custom" value="PAYPLAN_CODE,PAYPLAN_DISPLAY" />
							<attribute name="data-autocompleteurl" type="custom" value="SearchPayPlans.do?searchPayPlan=" />
							<attribute name="data-autocompleteminlength" type="custom" value="1" />
						</custom_attributes>
						<placeholder text="Pay Plan Code" xmlns="http://www.hyfinity.com/formmaker">
							<icon class="defaultIcon" position="left" use="false" />
						</placeholder>
						<accessibility xmlns="http://www.hyfinity.com/formmaker">
							<alt>Begin typing to retrieve a list of Pay Plans and select one.</alt>
						</accessibility>
					</fm:element>
				</fm:group>
				<fm:group border_styling="false" compatability="false" fieldset="false" gen_method="layout" hide="false" label_position="top" name="one_column_5" submit_if_hidden="true">
					<label class="label" options="static" position="outside_group" position_override="top" required="false" style="" type="static" value="Container Group" xmlns="http://www.hyfinity.com/formmaker">
						<container class="groupLabelBackground" options="static" style="">
							<content_alignment distribution="vertical" />
						</container>
					</label>
					<style class="" options="static" style="width:100%;" xmlns="http://www.hyfinity.com/formmaker" />
					<fm:palette_ref control="Layout Group" />
					<fm:content_alignment distribution="horizontal" halign="left" valign="top" />
					<fm:sizing height="fit_to_content" width="custom" />
					<fm:element disable="false" disable_method="disabled" generate="true" hide="false" name="POS_GRADE_ID">
						<field xmlns="http://www.hyfinity.com/formmaker">
							<input options="dynamic">select</input>
							<style class="defaultBackground selectControl" options="static" style="" />
							<element_style class="select multiValueSrc" options="static" style="width : 275px;" />
							<date_picker class="" content="" required="false" type="normal" />
							<label class="label" options="static" required="true" style="" type="static" value="Grade">
								<container class="labelBackground labelControl" options="static">
									<sizing width="custom" />
								</container>
							</label>
							<container>
								<sizing width="custom" />
							</container>
						</field>
						<constraints validate="true" xmlns="http://www.hyfinity.com/formmaker">
							<type>string</type>
							<required>true</required>
							<enumeration use_for_output="false">
								<include value="ListItem1">List Item 1</include>
								<include value="ListItem2">List Item 2</include>
								<include value="ListItem3">List Item 3</include>
							</enumeration>
						</constraints>
						<error xmlns="http://www.hyfinity.com/formmaker">
							<hint class="hintIcon" style="" use="false">Enter a hint here.</hint>
							<server class="errorIcon" retain="false" style="" use="false" />
							<message_override>At least one Grade must be added</message_override>
						</error>
						<palette_ref control="Select Box" xmlns="http://www.hyfinity.com/formmaker" />
						<accessibility xmlns="http://www.hyfinity.com/formmaker">
							<alt>Select a Grade from the list</alt>
						</accessibility>
					</fm:element>
					<fm:element disable="false" disable_method="disabled" generate="true" hide="false" name="ADD_GR">
						<field xmlns="http://www.hyfinity.com/formmaker">
							<input caption="Add Grade" options="static">htmlButton</input>
							<style class="defaultBackground buttonControl" options="static" style="" />
							<element_style class="button js-grade-add" options="static" style="margin-top:25px" />
							<date_picker class="" content="" required="false" type="normal" />
							<label class="label" options="static" required="false" style="" type="static" value="">
								<container class="labelBackground labelControl" options="static">
									<sizing width="fully_expand" />
								</container>
							</label>
							<container>
								<sizing width="custom" />
							</container>
						</field>
						<constraints validate="false" xmlns="http://www.hyfinity.com/formmaker">
							<type>string</type>
							<required>false</required>
							<enumeration use_for_output="false" />
						</constraints>
						<error xmlns="http://www.hyfinity.com/formmaker">
							<hint class="hintIcon" style="" use="false">Enter a hint here.</hint>
							<server class="errorIcon" retain="false" style="" use="false" />
						</error>
						<palette_ref control="Button (Standard)" xmlns="http://www.hyfinity.com/formmaker" />
						<accessibility xmlns="http://www.hyfinity.com/formmaker">
							<alt>Clicking this button will add selected Grade in the Grade list as an additional Grade.  Grade list will change to first available grade.  Grade list is the previous control.</alt>
						</accessibility>
					</fm:element>
					<fm:custom name="GRADE_DISPLAY" type="custom">
						<fm:code>
							<div class="customControl" xmlns="">
								<span class="labelBackground labelControl hasSuccess">
									<label class="label" for="grList">Selected Grades</label>
									<span class="mandatory" style="" title="Mandatory field"> * </span>
								</span>
								<ul aria-live="polite" class="no-bullets" id="grList" role="alert" />
							</div>
							<style xmlns="">ul.no-bullets{list-style: none;}</style>
						</fm:code>
						<fm:description>Enter a description.</fm:description>
						<palette_ref control="Custom" xmlns="http://www.hyfinity.com/formmaker" />
					</fm:custom>
				</fm:group>
				<fm:group border_styling="false" compatability="false" fieldset="false" gen_method="layout" hide="false" label_position="top" name="one_column_7" submit_if_hidden="true">
					<label class="label" options="static" position="outside_group" position_override="top" required="false" style="" type="static" value="Container Group" xmlns="http://www.hyfinity.com/formmaker">
						<container class="groupLabelBackground" options="static" style="" />
					</label>
					<style class="" options="static" style="width:100%;" xmlns="http://www.hyfinity.com/formmaker" />
					<fm:palette_ref control="Layout Group" />
					<fm:content_alignment distribution="horizontal" halign="left" valign="bottom" />
					<fm:sizing height="fit_to_content" width="custom" />
					<fm:element disable="false" disable_method="disabled" generate="true" hide="false" name="POS_IS_PROMOTIONAL">
						<field xmlns="http://www.hyfinity.com/formmaker">
							<input options="static">select</input>
							<style class="defaultBackground selectControl" options="static" style="" />
							<element_style class="select" options="static" style="width : 275px;" />
							<date_picker class="" content="" required="false" type="normal" />
							<label class="label" options="static" required="true" style="" type="static" value="Promotion Potential">
								<container class="labelBackground labelControl" options="static">
									<sizing width="custom" />
								</container>
							</label>
							<container>
								<sizing width="custom" />
							</container>
						</field>
						<constraints validate="true" xmlns="http://www.hyfinity.com/formmaker">
							<type>string</type>
							<required>true</required>
							<enumeration use_for_output="false">
								<include value="">Select One</include>
								<include value="Yes">Yes</include>
								<include value="No">No</include>
							</enumeration>
						</constraints>
						<error xmlns="http://www.hyfinity.com/formmaker">
							<hint class="hintIcon" style="" use="false">Enter a hint here.</hint>
							<server class="errorIcon" retain="false" style="" use="false" />
							<message_override>A value must be selected for Promotion Potential</message_override>
						</error>
						<palette_ref control="Select Box" xmlns="http://www.hyfinity.com/formmaker" />
						<accessibility xmlns="http://www.hyfinity.com/formmaker">
							<alt>Select Yes or No if Position is Promotional.  If yes you will be required to select one from Full Performance Level list</alt>
						</accessibility>
					</fm:element>
					<fm:element disable="false" disable_method="disabled" generate="true" hide="false" name="POS_FULL_PERF_LEVEL">
						<field xmlns="http://www.hyfinity.com/formmaker">
							<input options="static">select</input>
							<style class="defaultBackground selectControl" options="static" style="" />
							<element_style class="select" options="static" style="width : 275px;" />
							<date_picker class="" content="" required="false" type="normal" />
							<label class="label" options="static" required="true" style="" type="static" value="Full Performance Level">
								<container class="labelBackground labelControl" options="static">
									<sizing width="custom" />
								</container>
							</label>
							<container>
								<sizing width="custom" />
							</container>
						</field>
						<constraints validate="true" xmlns="http://www.hyfinity.com/formmaker">
							<type>string</type>
							<required>true</required>
							<enumeration use_for_output="false">
								<include value="0">dummy</include>
							</enumeration>
						</constraints>
						<error xmlns="http://www.hyfinity.com/formmaker">
							<hint class="hintIcon" style="" use="false">Enter a hint here.</hint>
							<server class="errorIcon" retain="false" style="" use="false" />
							<message_override>A value must be selected for Full Performance Level</message_override>
						</error>
						<palette_ref control="Select Box" xmlns="http://www.hyfinity.com/formmaker" />
						<accessibility xmlns="http://www.hyfinity.com/formmaker">
							<alt>Select Full Performance Level from the list.  Lowest value in this list changes to highest Grade selected or Added</alt>
						</accessibility>
					</fm:element>
				</fm:group>
				<fm:group border_styling="false" compatability="false" fieldset="false" gen_method="layout" hide="false" label_position="top" name="one_column_8" submit_if_hidden="true">
					<label class="label" options="static" position="outside_group" position_override="top" required="false" style="" type="static" value="Container Group" xmlns="http://www.hyfinity.com/formmaker">
						<container class="groupLabelBackground" options="static" style="" />
					</label>
					<style class="" options="static" style="width:100%;" xmlns="http://www.hyfinity.com/formmaker" />
					<fm:palette_ref control="Layout Group" />
					<fm:content_alignment distribution="horizontal" halign="left" valign="bottom" />
					<fm:sizing height="fit_to_content" width="custom" />
					<fm:element disable="false" disable_method="disabled" generate="true" hide="false" name="POS_SENSITIVITY_ID">
						<field xmlns="http://www.hyfinity.com/formmaker">
							<input options="dynamic">select</input>
							<style class="defaultBackground selectControl" options="static" style="" />
							<element_style class="select" options="static" style="width : 275px;" />
							<date_picker class="" content="" required="false" type="normal" />
							<label class="label" options="static" required="true" style="" type="static" value="Position Sensitivity">
								<container class="labelBackground labelControl" options="static">
									<sizing width="custom" />
								</container>
							</label>
							<container>
								<sizing width="custom" />
							</container>
						</field>
						<constraints validate="true" xmlns="http://www.hyfinity.com/formmaker">
							<type>string</type>
							<required>true</required>
							<enumeration use_for_output="false">
								<include value="ListItem1">List Item 1</include>
								<include value="ListItem2">List Item 2</include>
								<include value="ListItem3">List Item 3</include>
							</enumeration>
						</constraints>
						<error xmlns="http://www.hyfinity.com/formmaker">
							<hint class="hintIcon" style="" use="false">Enter a hint here.</hint>
							<server class="errorIcon" retain="false" style="" use="false" />
							<message_override>A value must be selected for Position Sensitivity</message_override>
						</error>
						<palette_ref control="Select Box" xmlns="http://www.hyfinity.com/formmaker" />
						<accessibility xmlns="http://www.hyfinity.com/formmaker">
							<alt>Select a Position Sensitivity from the list</alt>
						</accessibility>
					</fm:element>
					<fm:custom name="custom_control" type="custom">
						<fm:code>
							<div class="customControl" style="width:500px;" xmlns="">
								<br />
								<br />
	To access <a href="https://www.opm.gov/investigations/suitability-executive-agent/position-designation-tool/#url=Overview" target="_blank" title="Click to Access OPM Position Designation Tool">OPM Position Designation Tool</a>, please click
</div>
						</fm:code>
						<fm:description>Enter a description.</fm:description>
						<palette_ref control="Custom" xmlns="http://www.hyfinity.com/formmaker" />
					</fm:custom>
				</fm:group>
				<fm:group border_styling="false" compatability="false" fieldset="false" gen_method="layout" hide="false" label_position="top" name="one_column_9" submit_if_hidden="true">
					<label class="label" options="static" position="outside_group" position_override="top" required="false" style="" type="static" value="Container Group" xmlns="http://www.hyfinity.com/formmaker">
						<container class="groupLabelBackground" options="static" style="" />
					</label>
					<style class="" options="static" style="width:100%;" xmlns="http://www.hyfinity.com/formmaker" />
					<fm:palette_ref control="Layout Group" />
					<fm:content_alignment distribution="horizontal" halign="left" valign="bottom" />
					<fm:sizing height="fit_to_content" width="custom" />
					<fm:element disable="false" disable_method="disabled" generate="true" hide="false" name="POS_SUPERVISORY_OR_NOT">
						<field xmlns="http://www.hyfinity.com/formmaker">
							<input options="dynamic">select</input>
							<style class="defaultBackground selectControl" options="static" style="" />
							<element_style class="select" options="static" style="width : 275px;" />
							<date_picker class="" content="" required="false" type="normal" />
							<label class="label" options="static" required="true" style="" type="static" value="Position Is">
								<container class="labelBackground labelControl" options="static">
									<sizing width="custom" />
								</container>
							</label>
							<container>
								<sizing width="custom" />
							</container>
						</field>
						<constraints validate="true" xmlns="http://www.hyfinity.com/formmaker">
							<type>string</type>
							<required>true</required>
							<enumeration use_for_output="false">
								<include value="">Select One</include>
								<include value="1">Supervisory</include>
								<include value="0">Non-supervisory</include>
								<include value="2">Team Lead</include>
							</enumeration>
						</constraints>
						<error xmlns="http://www.hyfinity.com/formmaker">
							<hint class="hintIcon" style="" use="false">Enter a hint here.</hint>
							<server class="errorIcon" retain="false" style="" use="false" />
							<message_override>A value must be selected for Position Is</message_override>
						</error>
						<palette_ref control="Select Box" xmlns="http://www.hyfinity.com/formmaker" />
						<accessibility xmlns="http://www.hyfinity.com/formmaker">
							<alt>Select a Position Is value from the list</alt>
						</accessibility>
					</fm:element>
				</fm:group>
				<fm:group border_styling="false" compatability="false" fieldset="false" gen_method="layout" hide="false" label_position="top" name="one_column_10" submit_if_hidden="true">
					<label class="label" options="static" position="outside_group" position_override="top" required="false" style="" type="static" value="Container Group" xmlns="http://www.hyfinity.com/formmaker">
						<container class="groupLabelBackground" options="static" style="" />
					</label>
					<style class="" options="static" style="width:100%;" xmlns="http://www.hyfinity.com/formmaker" />
					<fm:palette_ref control="Layout Group" />
					<fm:content_alignment distribution="horizontal" halign="left" valign="bottom" />
					<fm:sizing height="fit_to_content" width="custom" />
					<fm:element disable="false" disable_method="read_only" generate="true" hide="false" name="POS_CAN">
						<field xmlns="http://www.hyfinity.com/formmaker">
							<input options="static">text</input>
							<style class="defaultBackground textboxControl" options="static" style="" />
							<element_style class="textbox" options="static" style="width : 275px;" />
							<date_picker class="datePickerIcon" content="" required="false" type="normal" />
							<label class="label" options="static" required="true" style="" type="static" value="Common Accounting Number (CAN)">
								<container class="labelBackground labelControl" options="static">
									<content_alignment halign="left" valign="top" />
									<sizing width="custom" />
								</container>
								<messages>
									<hint class="hintIcon" style="" use="false">Common Accounting Number</hint>
								</messages>
							</label>
							<container>
								<sizing width="custom" />
							</container>
						</field>
						<constraints validate="true" xmlns="http://www.hyfinity.com/formmaker">
							<type>string</type>
							<required>true</required>
							<length>7</length>
							<maxLength>400</maxLength>
							<pattern>[9][a-zA-Z0-9][a-zA-Z0-9][a-zA-Z0-9][a-zA-Z0-9][a-zA-Z0-9][a-zA-Z0-9]</pattern>
							<enumeration use_for_output="false" />
						</constraints>
						<error xmlns="http://www.hyfinity.com/formmaker">
							<hint class="hintIcon" style="" use="false">Enter a hint here.</hint>
							<server class="errorIcon" retain="false" style="" use="false" />
							<message_override>Common Accounting Number (CAN) is Required, must start with 9 and contain 6 other alphanumeric characters</message_override>
						</error>
						<palette_ref control="Text Box" xmlns="http://www.hyfinity.com/formmaker" />
						<accessibility xmlns="http://www.hyfinity.com/formmaker">
							<alt>Enter Common Accounting Number (CAN)</alt>
						</accessibility>
					</fm:element>
					<fm:element disable="false" disable_method="disabled" generate="true" hide="false" name="POS_IS_BF_OR_VICE">
						<field xmlns="http://www.hyfinity.com/formmaker">
							<input options="static">select</input>
							<style class="defaultBackground selectControl" options="static" style="" />
							<element_style class="select" options="static" style="width : 275px;" />
							<date_picker class="" content="" required="false" type="normal" />
							<label class="label" options="static" required="true" style="" type="static" value="Backfill/Vice">
								<container class="labelBackground labelControl" options="static">
									<sizing width="custom" />
								</container>
							</label>
							<container>
								<sizing width="custom" />
							</container>
						</field>
						<constraints validate="true" xmlns="http://www.hyfinity.com/formmaker">
							<type>string</type>
							<required>true</required>
							<enumeration use_for_output="false">
								<include value="">Select One</include>
								<include value="Yes">Yes</include>
								<include value="No">No</include>
							</enumeration>
						</constraints>
						<error xmlns="http://www.hyfinity.com/formmaker">
							<hint class="hintIcon" style="" use="false">Enter a hint here.</hint>
							<server class="errorIcon" retain="false" style="" use="false" />
							<message_override>A value must be selected for Backfill/Vice</message_override>
						</error>
						<palette_ref control="Select Box" xmlns="http://www.hyfinity.com/formmaker" />
						<accessibility xmlns="http://www.hyfinity.com/formmaker">
							<alt>Select Yes or No from the list for Backfill/Vice.  If Yes is selected you will be required to enter Backfill/Vice name, if No is selected you will be required to enter a reason.</alt>
						</accessibility>
					</fm:element>
					<fm:element disable="false" disable_method="read_only" generate="true" hide="false" name="POS_BF_VICE_NAME">
						<field xmlns="http://www.hyfinity.com/formmaker">
							<input options="static">text</input>
							<style class="defaultBackground textboxControl" options="static" style="" />
							<element_style class="textbox " options="static" style="width : 275px;" />
							<date_picker class="datePickerIcon" content="" required="false" type="normal" />
							<label class="label" options="static" required="true" style="" type="static" value="Backfill/Vice Name">
								<container class="labelBackground labelControl" options="static" />
							</label>
							<container />
						</field>
						<constraints validate="true" xmlns="http://www.hyfinity.com/formmaker">
							<type>string</type>
							<required>true</required>
							<maxLength>400</maxLength>
							<enumeration use_for_output="false" />
						</constraints>
						<error xmlns="http://www.hyfinity.com/formmaker">
							<hint class="hintIcon" style="" use="false">Enter a hint here.</hint>
							<server class="errorIcon" retain="false" style="" use="false" />
							<message_override>Backfill/Vice Name is Required</message_override>
						</error>
						<palette_ref control="Text Box" xmlns="http://www.hyfinity.com/formmaker" />
						<accessibility xmlns="http://www.hyfinity.com/formmaker">
							<alt>Enter Backfill/Vice Name</alt>
						</accessibility>
					</fm:element>
					<fm:element disable="false" disable_method="read_only" generate="true" hide="false" name="POS_NO_BF_VICE_RSN">
						<field xmlns="http://www.hyfinity.com/formmaker">
							<input options="static">text</input>
							<style class="defaultBackground textboxControl" options="static" style="" />
							<element_style class="textbox" options="static" style="width : 275px;" />
							<date_picker class="datePickerIcon" content="" required="false" type="normal" />
							<label class="label" options="static" required="true" style="" type="static" value="Reason">
								<container class="labelBackground labelControl" options="static">
									<sizing width="custom" />
								</container>
							</label>
							<container>
								<sizing width="custom" />
							</container>
						</field>
						<constraints validate="true" xmlns="http://www.hyfinity.com/formmaker">
							<type>string</type>
							<required>false</required>
							<maxLength>1000</maxLength>
							<enumeration use_for_output="false" />
						</constraints>
						<error xmlns="http://www.hyfinity.com/formmaker">
							<hint class="hintIcon" style="" use="false">Enter a hint here.</hint>
							<server class="errorIcon" retain="false" style="" use="false" />
							<message_override>Reason is Required</message_override>
						</error>
						<palette_ref control="Text Box" xmlns="http://www.hyfinity.com/formmaker" />
						<accessibility xmlns="http://www.hyfinity.com/formmaker">
							<alt>Enter Reason</alt>
						</accessibility>
					</fm:element>
				</fm:group>
				<fm:group border_styling="false" compatability="false" fieldset="false" gen_method="layout" hide="false" label_position="top" name="DS_COLUMN" submit_if_hidden="true">
					<label class="label" options="static" position="outside_group" position_override="top" required="false" style="" type="static" value="Container Group" xmlns="http://www.hyfinity.com/formmaker">
						<container class="groupLabelBackground" options="static" style="" />
					</label>
					<style class="" options="static" style="width:100%;" xmlns="http://www.hyfinity.com/formmaker" />
					<fm:palette_ref control="Layout Group" />
					<fm:content_alignment distribution="horizontal" halign="left" valign="top" />
					<fm:sizing height="fit_to_content" width="custom" />
					<fm:element disable="false" disable_method="read_only" generate="true" hide="false" name="POS_DUTY_STATION">
						<field xmlns="http://www.hyfinity.com/formmaker">
							<input options="static">text</input>
							<style class="defaultBackground textboxControl" options="static" style="" />
							<element_style class="textbox js-autocomplete multiValueSrc" options="static" style="width : 275px;" />
							<date_picker class="datePickerIcon" content="" required="false" type="normal" />
							<label class="label" options="static" required="true" style="" type="static" value="Duty Station">
								<container class="labelBackground labelControl" options="static">
									<sizing width="custom" />
								</container>
							</label>
							<container>
								<sizing width="custom" />
							</container>
						</field>
						<constraints validate="true" xmlns="http://www.hyfinity.com/formmaker">
							<type>string</type>
							<required>true</required>
							<enumeration use_for_output="false" />
						</constraints>
						<error xmlns="http://www.hyfinity.com/formmaker">
							<hint class="hintIcon" style="" use="false">Enter City and State</hint>
							<server class="errorIcon" retain="false" style="" use="false" />
						</error>
						<palette_ref control="Text Box" xmlns="http://www.hyfinity.com/formmaker" />
						<placeholder text="City, State/Country" xmlns="http://www.hyfinity.com/formmaker" />
						<accessibility xmlns="http://www.hyfinity.com/formmaker">
							<alt>Begin typing to retrieve a list of Duty Stations (City, State/Country) and select one.</alt>
						</accessibility>
						<custom_attributes xmlns="http://www.hyfinity.com/formmaker">
							<attribute name="data-autocompletevalue" type="custom" value="DS_VALUE" />
							<attribute name="data-autocompletelabel" type="custom" value="DS_VALUE" />
							<attribute name="data-autocompleteurl" type="custom" value="SearchDutyStation.do?searchDutyStation=" />
						</custom_attributes>
					</fm:element>
					<fm:element disable="false" disable_method="disabled" generate="true" hide="false" name="ADD_DS">
						<field xmlns="http://www.hyfinity.com/formmaker">
							<input caption="Add Duty Station" options="static">htmlButton</input>
							<style class="defaultBackground buttonControl" options="static" style="" />
							<element_style class="button" options="static" style="margin-top:25px" />
							<date_picker class="" content="" required="false" type="normal" />
							<label class="label" options="static" required="false" style="" type="static" value="Button Label">
								<container class="labelBackground labelControl" options="static" style="" />
							</label>
							<container />
						</field>
						<constraints validate="false" xmlns="http://www.hyfinity.com/formmaker">
							<type>string</type>
							<required>false</required>
							<enumeration use_for_output="false" />
						</constraints>
						<error xmlns="http://www.hyfinity.com/formmaker">
							<hint class="hintIcon" style="" use="false">Enter a hint here.</hint>
							<server class="errorIcon" retain="false" style="" use="false" />
						</error>
						<palette_ref control="Button (Standard)" xmlns="http://www.hyfinity.com/formmaker" />
						<accessibility xmlns="http://www.hyfinity.com/formmaker">
							<alt>Add Duty Station Location</alt>
						</accessibility>
					</fm:element>
					<fm:custom name="DUTY_STATION_DISPLAY_DIV" type="custom">
						<fm:code>
							<div class="customControl" xmlns="">
								<span class="labelBackground labelControl hasSuccess">
									<label class="label" for="dsList">Selected Duty Station(s)</label>
									<span class="mandatory" style="" title="Mandatory field"> * </span>
								</span>
								<ul aria-live="polite" class="no-bullets" id="dsList" role="alert" />
							</div>
							<style xmlns="">ul.no-bullets{list-style: none;}</style>
						</fm:code>
						<fm:description>Enter a description.</fm:description>
						<palette_ref control="Custom" xmlns="http://www.hyfinity.com/formmaker" />
					</fm:custom>
					<fm:element disable="false" disable_method="read_only" generate="true" hide="false" name="POS_DUTY_STATIONS">
						<field xmlns="http://www.hyfinity.com/formmaker">
							<input options="dynamic">text</input>
							<style class="defaultBackground textboxControl" options="static" style="" />
							<element_style class="textbox hidden" options="static" style="" />
							<date_picker class="datePickerIcon" content="" required="false" type="normal" />
							<label class="label" options="static" required="false" style="" type="static" value="Edit">
								<container class="labelBackground labelControl" options="static" style="" />
							</label>
							<container />
						</field>
						<constraints validate="true" xmlns="http://www.hyfinity.com/formmaker">
							<type>string</type>
							<required>false</required>
							<enumeration use_for_output="false" />
						</constraints>
						<error xmlns="http://www.hyfinity.com/formmaker">
							<hint class="hintIcon" style="" use="false">Enter a hint here.</hint>
							<server class="errorIcon" retain="false" style="" use="false" />
						</error>
						<palette_ref control="Text Box" xmlns="http://www.hyfinity.com/formmaker" />
					</fm:element>
				</fm:group>
				<fm:group border_styling="false" compatability="false" fieldset="false" gen_method="layout" hide="false" label_position="top" name="one_column_13" submit_if_hidden="true">
					<label class="label" options="static" position="outside_group" position_override="top" required="false" style="" type="static" value="Container Group" xmlns="http://www.hyfinity.com/formmaker">
						<container class="groupLabelBackground" options="static" style="" />
					</label>
					<style class="" options="static" style="width:100%;" xmlns="http://www.hyfinity.com/formmaker" />
					<fm:palette_ref control="Layout Group" />
					<fm:content_alignment distribution="horizontal" halign="left" valign="bottom" />
					<fm:sizing height="fit_to_content" width="custom" />
					<fm:element disable="false" disable_method="read_only" generate="true" hide="false" name="POS_NUM_VACANCIES">
						<field xmlns="http://www.hyfinity.com/formmaker">
							<input options="static">text</input>
							<style class="defaultBackground textboxControl js-numericOnly" options="static" style="" />
							<element_style class="textbox" options="static" style="width : 275px;" />
							<date_picker class="datePickerIcon" content="" required="false" type="normal" />
							<label class="label" options="static" required="true" style="" type="static" value="Number of Vacancies">
								<container class="labelBackground labelControl" options="static">
									<sizing width="custom" />
								</container>
							</label>
							<container>
								<sizing width="custom" />
							</container>
						</field>
						<constraints validate="true" xmlns="http://www.hyfinity.com/formmaker">
							<type>string</type>
							<required>true</required>
							<maxLength>400</maxLength>
							<enumeration use_for_output="false" />
						</constraints>
						<error xmlns="http://www.hyfinity.com/formmaker">
							<hint class="hintIcon" style="" use="false">Enter a hint here.</hint>
							<server class="errorIcon" retain="false" style="" use="false" />
							<message_override>Number of Vacancies is Required</message_override>
						</error>
						<palette_ref control="Text Box" xmlns="http://www.hyfinity.com/formmaker" />
						<accessibility xmlns="http://www.hyfinity.com/formmaker">
							<alt>Enter Number of Vacancies</alt>
						</accessibility>
					</fm:element>
					<fm:element disable="false" disable_method="disabled" generate="true" hide="false" name="POS_APPT_TYPE_ID">
						<field xmlns="http://www.hyfinity.com/formmaker">
							<input dropdown_default="Select One" options="dynamic">select</input>
							<style class="defaultBackground selectControl" options="static" style="" />
							<element_style class="select" options="static" style="width : 555px;" />
							<date_picker class="" content="" required="false" type="normal" />
							<label class="label" options="static" required="true" style="" type="static" value="Type of Appointment">
								<container class="labelBackground labelControl" options="static">
									<sizing width="custom" />
								</container>
							</label>
							<container>
								<sizing width="custom" />
							</container>
						</field>
						<constraints validate="true" xmlns="http://www.hyfinity.com/formmaker">
							<type>string</type>
							<required>true</required>
							<enumeration use_for_output="false">
								<include value="ListItem1">List Item 1</include>
								<include value="ListItem2">List Item 2</include>
								<include value="ListItem3">List Item 3</include>
							</enumeration>
						</constraints>
						<error xmlns="http://www.hyfinity.com/formmaker">
							<hint class="hintIcon" style="" use="false">Enter a hint here.</hint>
							<server class="errorIcon" retain="false" style="" use="false" />
							<message_override>Missing Type of Appointment Field</message_override>
						</error>
						<palette_ref control="Select Box" xmlns="http://www.hyfinity.com/formmaker" />
						<accessibility xmlns="http://www.hyfinity.com/formmaker">
							<alt>Select a Type of Appointment from the list.  If anything other than Permanent is selected you will be required at enter a date for Not To Exceed</alt>
						</accessibility>
					</fm:element>
					<fm:element disable="false" disable_method="read_only" generate="true" hide="false" name="POS_NTE">
						<field xmlns="http://www.hyfinity.com/formmaker">
							<input options="dynamic" size="10">text</input>
							<style class="defaultBackground dateControl" options="static" style="" />
							<element_style class="textbox" options="static" style="width : 275px;" />
							<date_picker class="datePickerIcon" content="" required="true" type="normal" />
							<label class="label" options="static" required="true" style="" type="static" value="Not To Exceed (NTE)">
								<container class="labelBackground labelControl" options="static" />
							</label>
							<container />
						</field>
						<constraints validate="true" xmlns="http://www.hyfinity.com/formmaker">
							<type>date</type>
							<required>true</required>
							<enumeration use_for_output="false" />
						</constraints>
						<error xmlns="http://www.hyfinity.com/formmaker">
							<hint class="hintIcon" style="" use="false">Enter a hint here.</hint>
							<server class="errorIcon" retain="false" style="" use="false" />
							<message_override>Not to Exceed is Required in MM/DD/YYYY format</message_override>
						</error>
						<data_formats xmlns="http://www.hyfinity.com/formmaker">
							<date data="yyyy-MM-dd" display="MM/dd/yyyy" />
						</data_formats>
						<palette_ref control="Date" xmlns="http://www.hyfinity.com/formmaker" />
						<accessibility xmlns="http://www.hyfinity.com/formmaker">
							<alt>Enter Not To Exceed Date in MM/DD/YYYY format. Only required for non-permanent Type of Appointment</alt>
						</accessibility>
						<placeholder text="MM/DD/YYYY" xmlns="http://www.hyfinity.com/formmaker" />
					</fm:element>
				</fm:group>
				<fm:group border_styling="false" compatability="false" fieldset="false" gen_method="layout" hide="false" label_position="top" name="one_column_14" submit_if_hidden="true">
					<label class="label" options="static" position="outside_group" position_override="top" required="false" style="" type="static" value="Container Group" xmlns="http://www.hyfinity.com/formmaker">
						<container class="groupLabelBackground" options="static" style="" />
					</label>
					<style class="" options="static" style="width:100%;" xmlns="http://www.hyfinity.com/formmaker" />
					<fm:palette_ref control="Layout Group" />
					<fm:content_alignment distribution="horizontal" halign="left" valign="bottom" />
					<fm:sizing height="fit_to_content" width="custom" />
					<fm:element disable="false" disable_method="disabled" generate="true" hide="false" name="POS_AOC">
						<field xmlns="http://www.hyfinity.com/formmaker">
							<input dropdown_default="Select One" options="dynamic">select</input>
							<style class="defaultBackground selectControl" options="static" style="" />
							<element_style class="select" options="static" style="width : 275px;" />
							<date_picker class="" content="" required="false" type="normal" />
							<label class="label" options="static" required="true" style="" type="static" value="Area of Consideration">
								<container class="labelBackground labelControl" options="static" />
							</label>
							<container />
						</field>
						<constraints validate="true" xmlns="http://www.hyfinity.com/formmaker">
							<type>string</type>
							<required>true</required>
							<enumeration use_for_output="false">
								<include value="">Select One</include>
								<include value="MP">MP - Merit Promotion</include>
								<include value="DE">DE -  Delegated Examining</include>
								<include value="Pathways">Pathways</include>
								<include value="All Sources">All Sources</include>
							</enumeration>
						</constraints>
						<error xmlns="http://www.hyfinity.com/formmaker">
							<hint class="hintIcon" style="" use="false">Enter a hint here.</hint>
							<server class="errorIcon" retain="false" style="" use="false" />
							<message_override>A value must be selected for Area of Consideration</message_override>
						</error>
						<palette_ref control="Select Box" xmlns="http://www.hyfinity.com/formmaker" />
						<accessibility xmlns="http://www.hyfinity.com/formmaker">
							<alt>Select an Area of Consideration from the list.  Based on your selection you will be required to select MP, DE or Pathway Type.  If MP is selected you can add another Area of Consideration of type DE and vice-a-versa.  If Pathways is selected you are limited to one Area of Consideration.</alt>
						</accessibility>
					</fm:element>
					<fm:element disable="false" disable_method="disabled" generate="true" hide="false" name="POS_MP_TYPE">
						<field xmlns="http://www.hyfinity.com/formmaker">
							<input dropdown_default="Select One" options="dynamic">select</input>
							<style class="defaultBackground selectControl" options="static" style="" />
							<element_style class="select" options="static" style="width : 250px;" />
							<date_picker class="" content="" required="false" type="normal" />
							<label class="label" options="static" required="true" style="" type="static" value="MP Type">
								<container class="labelBackground labelControl" options="static" />
							</label>
							<container />
						</field>
						<constraints validate="true" xmlns="http://www.hyfinity.com/formmaker">
							<type>string</type>
							<required>true</required>
							<enumeration use_for_output="false" />
						</constraints>
						<error xmlns="http://www.hyfinity.com/formmaker">
							<hint class="hintIcon" style="" use="false">Enter a hint here.</hint>
							<server class="errorIcon" retain="false" style="" use="false" />
							<message_override>A value must be selected for MP Type</message_override>
						</error>
						<palette_ref control="Select Box" xmlns="http://www.hyfinity.com/formmaker" />
						<accessibility xmlns="http://www.hyfinity.com/formmaker">
							<alt>Select a MP Type from the list</alt>
						</accessibility>
					</fm:element>
					<fm:element disable="false" disable_method="disabled" generate="true" hide="false" name="POS_DE_TYPE">
						<field xmlns="http://www.hyfinity.com/formmaker">
							<input options="dynamic">select</input>
							<style class="defaultBackground selectControl" options="static" style="" />
							<element_style class="select" options="static" style="width : 275px;" />
							<date_picker class="" content="" required="false" type="normal" />
							<label class="label" options="static" required="true" style="" type="static" value="DE Type">
								<container class="labelBackground labelControl" options="static" />
							</label>
							<container />
						</field>
						<constraints validate="true" xmlns="http://www.hyfinity.com/formmaker">
							<type>string</type>
							<required>true</required>
							<enumeration use_for_output="false" />
						</constraints>
						<error xmlns="http://www.hyfinity.com/formmaker">
							<hint class="hintIcon" style="" use="false">Enter a hint here.</hint>
							<server class="errorIcon" retain="false" style="" use="false" />
							<message_override>A value must be selected for DE Type</message_override>
						</error>
						<palette_ref control="Select Box" xmlns="http://www.hyfinity.com/formmaker" />
						<accessibility xmlns="http://www.hyfinity.com/formmaker">
							<alt>Select a DE Type from the list</alt>
						</accessibility>
					</fm:element>
					<fm:element disable="false" disable_method="disabled" generate="true" hide="false" name="POS_PATHWAY_TYPE">
						<field xmlns="http://www.hyfinity.com/formmaker">
							<input dropdown_default="Select One" options="dynamic">select</input>
							<style class="defaultBackground selectControl" options="static" style="" />
							<element_style class="select" options="static" style="width : 275px;" />
							<date_picker class="" content="" required="false" type="normal" />
							<label class="label" options="static" position_override="top" required="true" style="" type="static" value="Pathway Type">
								<container class="labelBackground labelControl" options="static" />
							</label>
							<container />
						</field>
						<constraints validate="true" xmlns="http://www.hyfinity.com/formmaker">
							<type>string</type>
							<required>true</required>
							<enumeration use_for_output="false" />
						</constraints>
						<error xmlns="http://www.hyfinity.com/formmaker">
							<hint class="hintIcon" style="" use="false">Enter a hint here.</hint>
							<server class="errorIcon" retain="false" style="" use="false" />
							<message_override>A value must be selected for Pathway Type</message_override>
						</error>
						<palette_ref control="Select Box" xmlns="http://www.hyfinity.com/formmaker" />
						<accessibility xmlns="http://www.hyfinity.com/formmaker">
							<alt>Select a Pathway Type from the list</alt>
						</accessibility>
					</fm:element>
					<fm:element disable="false" disable_method="disabled" generate="true" hide="false" name="POS_DIRECTH_TYPE">
						<field xmlns="http://www.hyfinity.com/formmaker">
							<input options="dynamic">select</input>
							<style class="defaultBackground selectControl" options="static" style="" />
							<element_style class="select" options="static" style="width : 275px;" />
							<date_picker class="" content="" required="false" type="normal" />
							<label class="label" options="static" position_override="top" required="true" style="" type="static" value="Direct Hire Type">
								<container class="labelBackground labelControl" options="static" />
							</label>
							<container />
						</field>
						<constraints validate="true" xmlns="http://www.hyfinity.com/formmaker">
							<type>string</type>
							<required>true</required>
							<enumeration use_for_output="false" />
						</constraints>
						<error xmlns="http://www.hyfinity.com/formmaker">
							<hint class="hintIcon" style="" use="false">Enter a hint here.</hint>
							<server class="errorIcon" retain="false" style="" use="false" />
							<message_override>A value must be selected for Direct Hire Type</message_override>
						</error>
						<palette_ref control="Select Box" xmlns="http://www.hyfinity.com/formmaker" />
						<accessibility xmlns="http://www.hyfinity.com/formmaker">
							<alt>Select a Direct Hire Type from the list</alt>
						</accessibility>
					</fm:element>
					<fm:element disable="false" disable_method="disabled" generate="true" hide="false" name="btnAddAOC">
						<field xmlns="http://www.hyfinity.com/formmaker">
							<input caption="Add Additional AOC" options="static">htmlButton</input>
							<style class="defaultBackground buttonControl" options="static" style="" />
							<element_style class="button js-aoc-add" options="static" style="" />
							<date_picker class="" content="" required="false" type="normal" />
							<label class="label" options="static" required="false" style="" type="static" value=" ">
								<container class="labelBackground labelControl" options="static" />
							</label>
							<container />
						</field>
						<constraints validate="false" xmlns="http://www.hyfinity.com/formmaker">
							<type>string</type>
							<required>false</required>
							<enumeration use_for_output="false" />
						</constraints>
						<error xmlns="http://www.hyfinity.com/formmaker">
							<hint class="hintIcon" style="" use="false">Enter a hint here.</hint>
							<server class="errorIcon" retain="false" style="" use="false" />
						</error>
						<palette_ref control="Button (Standard)" xmlns="http://www.hyfinity.com/formmaker" />
						<accessibility xmlns="http://www.hyfinity.com/formmaker">
							<alt>Clicking Add Additional AOC button will allow you to add another AOC.  It is only available for Area of Consideration values MP or DE.</alt>
						</accessibility>
					</fm:element>
				</fm:group>
				<fm:group border_styling="false" compatability="false" fieldset="false" gen_method="layout" hide="false" label_position="top" name="one_column_15" submit_if_hidden="true">
					<label class="label" options="static" position="outside_group" position_override="top" required="false" style="" type="static" value="Container Group" xmlns="http://www.hyfinity.com/formmaker">
						<container class="groupLabelBackground" options="static" style="" />
					</label>
					<style class="" options="static" style="width:100%;" xmlns="http://www.hyfinity.com/formmaker" />
					<fm:palette_ref control="Layout Group" />
					<fm:content_alignment distribution="horizontal" halign="left" valign="bottom" />
					<fm:sizing height="fit_to_content" width="custom" />
					<fm:element disable="false" disable_method="disabled" generate="true" hide="false" name="POS_AOC_1">
						<field xmlns="http://www.hyfinity.com/formmaker">
							<input dropdown_default="Select One" options="dynamic">select</input>
							<style class="defaultBackground selectControl" options="static" style="" />
							<element_style class="select" options="static" style="width : 275px;" />
							<date_picker class="" content="" required="false" type="normal" />
							<label class="label" options="static" required="true" style="" type="static" value="Area of Consideration (Additional)">
								<container class="labelBackground labelControl" options="static" />
							</label>
							<container />
						</field>
						<constraints validate="true" xmlns="http://www.hyfinity.com/formmaker">
							<type>string</type>
							<required>true</required>
							<enumeration use_for_output="false">
								<include value="">Select One</include>
								<include value="MP">MP - Merit Promotion</include>
								<include value="DE">DE - Delegated Examining</include>
							</enumeration>
						</constraints>
						<error xmlns="http://www.hyfinity.com/formmaker">
							<hint class="hintIcon" style="" use="false">Enter a hint here.</hint>
							<server class="errorIcon" retain="false" style="" use="false" />
							<message_override>Missing Additional Area of Consideration Field</message_override>
						</error>
						<palette_ref control="Select Box" xmlns="http://www.hyfinity.com/formmaker" />
						<accessibility xmlns="http://www.hyfinity.com/formmaker">
							<alt>Select an Additional Area of Consideration from the list.  Based on your selection you will be required to select MP or DE Type.</alt>
						</accessibility>
					</fm:element>
					<fm:element disable="false" disable_method="disabled" generate="true" hide="false" name="POS_MP_TYPE_1">
						<field xmlns="http://www.hyfinity.com/formmaker">
							<input dropdown_default="Select One" options="dynamic">select</input>
							<style class="defaultBackground selectControl" options="static" style="" />
							<element_style class="select" options="static" style="width : 275px;" />
							<date_picker class="" content="" required="false" type="normal" />
							<label class="label" options="static" required="true" style="" type="static" value="MP Type (Additional)">
								<container class="labelBackground labelControl" options="static" />
							</label>
							<container />
						</field>
						<constraints validate="true" xmlns="http://www.hyfinity.com/formmaker">
							<type>string</type>
							<required>true</required>
							<enumeration use_for_output="false" />
						</constraints>
						<error xmlns="http://www.hyfinity.com/formmaker">
							<hint class="hintIcon" style="" use="false">Enter a hint here.</hint>
							<server class="errorIcon" retain="false" style="" use="false" />
							<message_override>A value must be selected for MP Type (Additional)</message_override>
						</error>
						<palette_ref control="Select Box" xmlns="http://www.hyfinity.com/formmaker" />
						<accessibility xmlns="http://www.hyfinity.com/formmaker">
							<alt>Select an Additional MP Type from the list</alt>
						</accessibility>
					</fm:element>
					<fm:element disable="false" disable_method="disabled" generate="true" hide="false" name="POS_DE_TYPE_1">
						<field xmlns="http://www.hyfinity.com/formmaker">
							<input options="dynamic">select</input>
							<style class="defaultBackground selectControl" options="static" style="" />
							<element_style class="select" options="static" style="width : 275px;" />
							<date_picker class="" content="" required="false" type="normal" />
							<label class="label" options="static" required="true" style="" type="static" value="DE Type (Additional)">
								<container class="labelBackground labelControl" options="static" />
							</label>
							<container />
						</field>
						<constraints validate="true" xmlns="http://www.hyfinity.com/formmaker">
							<type>string</type>
							<required>true</required>
							<enumeration use_for_output="false" />
						</constraints>
						<error xmlns="http://www.hyfinity.com/formmaker">
							<hint class="hintIcon" style="" use="false">Enter a hint here.</hint>
							<server class="errorIcon" retain="false" style="" use="false" />
							<message_override>A value must be selected for DE Type (Additional)</message_override>
						</error>
						<palette_ref control="Select Box" xmlns="http://www.hyfinity.com/formmaker" />
						<accessibility xmlns="http://www.hyfinity.com/formmaker">
							<alt>Select an Additional DE Type from the list</alt>
						</accessibility>
					</fm:element>
					<fm:element disable="false" disable_method="disabled" generate="true" hide="false" name="btnDeleteAOC">
						<field xmlns="http://www.hyfinity.com/formmaker">
							<input caption="Delete Additional AOC" options="static">htmlButton</input>
							<style class="defaultBackground buttonControl" options="static" style="" />
							<element_style class="button js-aoc-delete" options="static" style="" />
							<date_picker class="" content="" required="false" type="normal" />
							<label class="label" options="static" required="false" style="" type="static" value="">
								<container class="labelBackground labelControl" options="static" />
							</label>
							<container />
						</field>
						<constraints validate="false" xmlns="http://www.hyfinity.com/formmaker">
							<type>string</type>
							<required>false</required>
							<enumeration use_for_output="false" />
						</constraints>
						<error xmlns="http://www.hyfinity.com/formmaker">
							<hint class="hintIcon" style="" use="false">Enter a hint here.</hint>
							<server class="errorIcon" retain="false" style="" use="false" />
						</error>
						<palette_ref control="Button (Standard)" xmlns="http://www.hyfinity.com/formmaker" />
						<accessibility xmlns="http://www.hyfinity.com/formmaker">
							<alt>Clicking this button will remove Additional AOC</alt>
						</accessibility>
					</fm:element>
				</fm:group>
				<content_alignment distribution="vertical" halign="left" valign="top" xmlns="http://www.hyfinity.com/formmaker" />
				<fm:group border_styling="false" compatability="false" fieldset="false" gen_method="layout" hide="false" label_position="top" name="one_column_17" submit_if_hidden="true">
					<label class="label" options="static" position="outside_group" position_override="top" required="false" style="" type="static" value="Container Group" xmlns="http://www.hyfinity.com/formmaker">
						<container class="groupLabelBackground" options="static" style="" />
					</label>
					<style class="" options="static" style="width:100%;" xmlns="http://www.hyfinity.com/formmaker" />
					<fm:palette_ref control="Layout Group" />
					<fm:content_alignment distribution="horizontal" halign="left" valign="bottom" />
					<fm:sizing height="fit_to_content" width="custom" />
					<fm:element disable="false" disable_method="read_only" generate="true" hide="false" name="POS_NAME_REQUEST">
						<field xmlns="http://www.hyfinity.com/formmaker">
							<input options="static">text</input>
							<style class="defaultBackground textboxControl" options="static" style="" />
							<element_style class="textbox" options="static" style="width : 275px;" />
							<date_picker class="datePickerIcon" content="" required="false" type="normal" />
							<label class="label" options="static" position_override="top" required="true" style="" type="static" value="Name Request">
								<container class="labelBackground labelControl" options="static" />
							</label>
							<container />
						</field>
						<constraints validate="true" xmlns="http://www.hyfinity.com/formmaker">
							<type>string</type>
							<required>false</required>
							<maxLength>400</maxLength>
							<enumeration use_for_output="false" />
						</constraints>
						<error xmlns="http://www.hyfinity.com/formmaker">
							<hint class="hintIcon" style="" use="false">Enter a hint here.</hint>
							<server class="errorIcon" retain="false" style="" use="false" />
						</error>
						<palette_ref control="Text Box" xmlns="http://www.hyfinity.com/formmaker" />
						<accessibility xmlns="http://www.hyfinity.com/formmaker">
							<alt>Enter Name Request (optional)</alt>
						</accessibility>
					</fm:element>
					<fm:element disable="false" disable_method="disabled" generate="true" hide="false" name="POS_IS_OPEN_CONTINUOUS">
						<field xmlns="http://www.hyfinity.com/formmaker">
							<input options="static">select</input>
							<style class="defaultBackground selectControl" options="static" style="" />
							<element_style class="select" options="static" style="width : 275px;" />
							<date_picker class="" content="" required="false" type="normal" />
							<label class="label" options="static" required="true" style="" type="static" value="Open and Continuous">
								<container class="labelBackground labelControl" options="static" />
							</label>
							<container />
						</field>
						<constraints validate="true" xmlns="http://www.hyfinity.com/formmaker">
							<type>string</type>
							<required>true</required>
							<enumeration use_for_output="false">
								<include value="">Select One</include>
								<include value="Yes">Yes</include>
								<include value="No">No</include>
							</enumeration>
						</constraints>
						<error xmlns="http://www.hyfinity.com/formmaker">
							<hint class="hintIcon" style="" use="false">Enter a hint here.</hint>
							<server class="errorIcon" retain="false" style="" use="false" />
							<message_override>A value must be selected for Open and Continuous</message_override>
						</error>
						<palette_ref control="Select Box" xmlns="http://www.hyfinity.com/formmaker" />
						<accessibility xmlns="http://www.hyfinity.com/formmaker">
							<alt>Select Yes if Position is Open and Continuous.  If you select No, you'll be required to specify value for Number of Calendar days to Advertise</alt>
						</accessibility>
					</fm:element>
					<fm:element disable="false" disable_method="disabled" generate="true" hide="false" name="POS_DAYS_TO_ADVERTISE">
						<field xmlns="http://www.hyfinity.com/formmaker">
							<input options="dynamic">select</input>
							<style class="defaultBackground selectControl" options="static" style="" />
							<element_style class="select" options="static" style="width : 275px;" />
							<date_picker class="" content="" required="false" type="normal" />
							<label class="label" options="static" required="true" style="" type="static" value="# of Calendar days to Advertise">
								<container class="labelBackground labelControl" options="static" />
							</label>
							<container />
						</field>
						<constraints validate="true" xmlns="http://www.hyfinity.com/formmaker">
							<type>string</type>
							<required>true</required>
							<enumeration use_for_output="false">
								<include value="ListItem1">List Item 1</include>
								<include value="ListItem2">List Item 2</include>
								<include value="ListItem3">List Item 3</include>
							</enumeration>
						</constraints>
						<error xmlns="http://www.hyfinity.com/formmaker">
							<hint class="hintIcon" style="" use="false">Enter a hint here.</hint>
							<server class="errorIcon" retain="false" style="" use="false" />
							<message_override>A value must be selected for Number of Calendar days to Advertise</message_override>
						</error>
						<palette_ref control="Select Box" xmlns="http://www.hyfinity.com/formmaker" />
						<accessibility xmlns="http://www.hyfinity.com/formmaker">
							<alt>Select Number of Calendar days to Advertise from the list</alt>
						</accessibility>
					</fm:element>
				</fm:group>
				<fm:group border_styling="false" compatability="false" fieldset="false" gen_method="layout" hide="false" label_position="top" name="one_column_18" submit_if_hidden="true">
					<label class="label" options="static" position="outside_group" position_override="top" required="false" style="" type="static" value="Container Group" xmlns="http://www.hyfinity.com/formmaker">
						<container class="groupLabelBackground" options="static" style="" />
					</label>
					<style class="" options="static" style="width:100%;" xmlns="http://www.hyfinity.com/formmaker" />
					<fm:palette_ref control="Layout Group" />
					<fm:content_alignment distribution="horizontal" halign="left" valign="bottom" />
					<fm:sizing height="fit_to_content" width="custom" />
					<fm:element disable="false" disable_method="disabled" generate="true" hide="false" name="POS_WORK_SCHED">
						<field xmlns="http://www.hyfinity.com/formmaker">
							<input options="dynamic">select</input>
							<style class="defaultBackground selectControl" options="static" style="" />
							<element_style class="select" options="static" style="width : 275px;" />
							<date_picker class="" content="" required="false" type="normal" />
							<label class="label" options="static" required="true" style="" type="static" value="Work Schedule">
								<container class="labelBackground labelControl" options="static">
									<sizing width="custom" />
								</container>
							</label>
							<container>
								<sizing width="custom" />
							</container>
						</field>
						<constraints validate="true" xmlns="http://www.hyfinity.com/formmaker">
							<type>string</type>
							<required>true</required>
							<enumeration use_for_output="false">
								<include value="ListItem1">List Item 1</include>
								<include value="ListItem2">List Item 2</include>
								<include value="ListItem3">List Item 3</include>
							</enumeration>
						</constraints>
						<error xmlns="http://www.hyfinity.com/formmaker">
							<hint class="hintIcon" style="" use="false">Enter a hint here.</hint>
							<server class="errorIcon" retain="false" style="" use="false" />
							<message_override>One value must be selected for Work Schedule</message_override>
						</error>
						<palette_ref control="Select Box" xmlns="http://www.hyfinity.com/formmaker" />
						<accessibility xmlns="http://www.hyfinity.com/formmaker">
							<alt>Select a Work Schedule from the list.  Upon selecting a different value Hours per Week would have to re-entered.</alt>
						</accessibility>
					</fm:element>
					<fm:element disable="false" disable_method="read_only" generate="true" hide="false" name="POS_HOURS_PER_WEEK">
						<field xmlns="http://www.hyfinity.com/formmaker">
							<input options="dynamic">text</input>
							<style class="defaultBackground textboxControl js-numericOnly" options="static" style="" />
							<element_style class="textbox" options="static" style="width : 275px;" />
							<date_picker class="datePickerIcon" content="" required="false" type="normal" />
							<label class="label" options="static" required="true" style="" type="static" value="Hours per Week">
								<container class="labelBackground labelControl" options="static" />
							</label>
							<container />
						</field>
						<constraints validate="true" xmlns="http://www.hyfinity.com/formmaker">
							<type>string</type>
							<required>true</required>
							<maxLength>400</maxLength>
							<pattern>[0-9]</pattern>
							<enumeration use_for_output="false" />
						</constraints>
						<error xmlns="http://www.hyfinity.com/formmaker">
							<hint class="hintIcon" style="" use="false">Enter a hint here.</hint>
							<server class="errorIcon" retain="false" style="" use="false" />
							<message_override>Hours per Week is Required; for Part-time value must be between 16 and 32 (inclusive); for Full-time value must be between 33 and 40 (inclusive)</message_override>
						</error>
						<palette_ref control="Text Box" xmlns="http://www.hyfinity.com/formmaker" />
						<accessibility xmlns="http://www.hyfinity.com/formmaker">
							<alt>Enter Hours per Week.  If Full-time it should be 32 or greater, if Part-time it should be between 16 and 32.</alt>
						</accessibility>
					</fm:element>
				</fm:group>
			</fm:group>
		</fm:group>
		<fm:group border_styling="false" compatability="false" conditional_display="false" control_field="" control_field_value="" fieldset="false" gen_method="layout" hide="false" label_position="left" name="remarks_lg" submit_if_hidden="true">
			<label class="label" options="static" position="outside_group" position_override="top" required="true" style="" type="static" value="Remarks" xmlns="http://www.hyfinity.com/formmaker">
				<container class="groupLabelBackground" options="static" style="">
					<content_alignment distribution="vertical" />
				</container>
			</label>
			<style class="" options="static" style="" xmlns="http://www.hyfinity.com/formmaker" />
			<fm:content_alignment distribution="vertical" halign="left" valign="top" />
			<fm:sizing height="fit_to_content" width="fully_expand" />
			<palette_ref control="Layout Group" xmlns="http://www.hyfinity.com/formmaker" />
			<fm:group border_styling="false" compatability="false" fieldset="false" gen_method="layout" hide="false" label_position="top" name="one_column_16" submit_if_hidden="true">
				<label class="label" options="static" position="outside_group" position_override="top" required="false" style="" type="static" value="Container Group" xmlns="http://www.hyfinity.com/formmaker">
					<container class="groupLabelBackground" options="static" style="" />
				</label>
				<style class="" options="static" style="width:100%;" xmlns="http://www.hyfinity.com/formmaker" />
				<fm:palette_ref control="Layout Group" />
				<fm:content_alignment distribution="horizontal" halign="left" valign="bottom" />
				<fm:sizing height="fit_to_content" width="custom" />
				<fm:element disable="false" disable_method="read_only" generate="true" hide="false" name="POS_REMARKS">
					<field xmlns="http://www.hyfinity.com/formmaker">
						<input expandable="true" max="12" min="2" options="dynamic" size="100">textarea</input>
						<style class="defaultBackground textareaControl" options="static" style="" />
						<element_style class="textbox" options="static" style="" />
						<date_picker class="datePickerIcon" content="" required="false" type="normal" />
						<label class="label hidden" options="static" required="true" style="" type="static" value="Remarks">
							<container class="labelBackground labelControl" options="static" />
						</label>
						<container />
					</field>
					<constraints validate="true" xmlns="http://www.hyfinity.com/formmaker">
						<type>string</type>
						<required>false</required>
						<maxLength>4000</maxLength>
						<enumeration use_for_output="false" />
					</constraints>
					<error xmlns="http://www.hyfinity.com/formmaker">
						<hint class="hintIcon" style="" use="false">Enter a hint here.</hint>
						<server class="errorIcon" retain="false" style="" use="false" />
					</error>
					<palette_ref control="Text Area" xmlns="http://www.hyfinity.com/formmaker" />
					<accessibility xmlns="http://www.hyfinity.com/formmaker">
						<alt>Enter Remarks (optional, max 500 characters)</alt>
					</accessibility>
				</fm:element>
			</fm:group>
			<fm:custom name="custom_control_2" type="custom">
				<fm:code>
					<div class="customControl sizeLabel" id="remarksSizeDisplay" xmlns=""></div>
				</fm:code>
				<fm:description>Enter a description.</fm:description>
				<palette_ref control="Custom" xmlns="http://www.hyfinity.com/formmaker" />
			</fm:custom>
		</fm:group>
	</fm:group>
	<fm:group border_styling="false" compatability="false" fieldset="false" gen_method="layout" hide="false" label_position="left" name="position_error_lg" submit_if_hidden="true">
		<label class="label" options="static" position="outside_group" position_override="top" required="false" style="" type="static" value="Layout Group" xmlns="http://www.hyfinity.com/formmaker">
			<container class="groupLabelBackground" options="static" style="">
				<content_alignment distribution="vertical" />
			</container>
		</label>
		<style class="hidden" options="static" style="" xmlns="http://www.hyfinity.com/formmaker" />
		<fm:content_alignment distribution="vertical" halign="left" valign="top" />
		<fm:sizing height="fit_to_content" width="fully_expand" />
		<palette_ref control="Layout Group" xmlns="http://www.hyfinity.com/formmaker" />
		<fm:custom name="custom_control_11" type="custom">
			<fm:code>
				<div class="customControl" xmlns="">
	Please select Hiring Method on General Tab.  
    On this (Position) Tab, there are lot of items dependent on Hiring Method to properly display them.
</div>
			</fm:code>
			<fm:description>Enter a description.</fm:description>
			<palette_ref control="Custom" xmlns="http://www.hyfinity.com/formmaker" />
		</fm:custom>
	</fm:group>
	<fm:group border_styling="false" compatability="false" fieldset="false" gen_method="layout" hide="false" label_position="left" name="hidden_resources" submit_if_hidden="true">
		<label class="label" options="static" position="outside_group" position_override="top" required="false" style="" type="static" value="Layout Group" xmlns="http://www.hyfinity.com/formmaker">
			<container class="groupLabelBackground" options="static" style="">
				<content_alignment distribution="vertical" />
			</container>
		</label>
		<style class="hide" options="static" style="" xmlns="http://www.hyfinity.com/formmaker" />
		<fm:content_alignment distribution="vertical" halign="left" valign="top" />
		<fm:sizing height="fit_to_content" width="fully_expand" />
		<palette_ref control="Layout Group" xmlns="http://www.hyfinity.com/formmaker" />
		<fm:element disable="false" disable_method="read_only" generate="true" hide="false" name="positionInitComplete">
			<field xmlns="http://www.hyfinity.com/formmaker">
				<input options="dynamic">hidden</input>
				<style class="hide" options="static" style="" />
				<element_style class="hide" options="static" style="" />
				<date_picker class="" content="" required="false" type="normal" />
				<label class="hide" options="static" required="false" style="" type="static" value="Hidden Label">
					<container class="hide" options="static" style="" />
				</label>
				<container />
			</field>
			<constraints validate="false" xmlns="http://www.hyfinity.com/formmaker">
				<type>string</type>
				<required>false</required>
				<enumeration use_for_output="false" />
			</constraints>
			<error xmlns="http://www.hyfinity.com/formmaker">
				<hint class="hintIcon" style="" use="false">Enter a hint here.</hint>
				<server class="errorIcon" retain="false" style="" use="false" />
			</error>
			<palette_ref control="Hidden" xmlns="http://www.hyfinity.com/formmaker" />
		</fm:element>
	</fm:group>
</fm:structure>
