<?xml version="1.0" encoding="UTF-8"?>
<eForm xmlns="http://www.hyfinity.com/mvc" xmlns:mvc="http://www.hyfinity.com/mvc">
	<Control>
		<action />
		<Page />
		<Controller />
	</Control>
	<Data>
		<WorkitemContext xmlns="">
			<SessionInfoXML />
			<Process>
				<ID />
				<Name />
				<Description />
				<State />
				<ProcessDefinitionID />
				<ProcessDefinitionName />
				<Deadline />
				<Initiator />
				<InitiatorName />
				<CreationDateTime />
				<CompleteDateTime />
				<ProcessVariables>
					<adminCode />
					<cdcEmailDisclaimer />
					<cioAdminPOC />
					<classSpecialist />
					<classificationType />
					<hiringMethod />
					<hroSpecialist />
					<jobRequestNumber />
					<meetingDate />
					<meetingDateString />
					<orgName />
					<positionTitle />
					<requestStatus />
					<requestType />
					<selectOfficial />
					<wihmode />
				</ProcessVariables>
				<CustomAttributes>
					<CustomAttribute>
						<Name />
						<CustomAttributeValueType />
						<Value />
						<Description />
					</CustomAttribute>
					<CustomAttribute>
						<Name />
						<CustomAttributeValueType />
						<Value />
						<Description />
					</CustomAttribute>
					<CustomAttribute>
						<Name />
						<CustomAttributeValueType />
						<Value />
						<Description />
					</CustomAttribute>
				</CustomAttributes>
			</Process>
			<Activity>
				<Sequence />
				<Name />
				<Description />
				<State />
				<CreationDateTime />
				<CompleteDateTime />
				<Responses>
					<Response>
						<Name />
						<IsDefault />
						<Rule />
					</Response>
					<Response>
						<Name />
						<IsDefault />
						<Rule />
					</Response>
					<Response>
						<Name />
						<IsDefault />
						<Rule />
					</Response>
				</Responses>
				<CustomAttributes>
					<CustomAttribute>
						<Name />
						<CustomAttributeValueType />
						<Value />
						<Description />
					</CustomAttribute>
					<CustomAttribute>
						<Name />
						<CustomAttributeValueType />
						<Value />
						<Description />
					</CustomAttribute>
					<CustomAttribute>
						<Name />
						<CustomAttributeValueType />
						<Value />
						<Description />
					</CustomAttribute>
				</CustomAttributes>
			</Activity>
			<Workitem>
				<Sequence />
				<Participant />
				<ParticipantName />
				<ParticipantType />
				<State />
				<CreationDateTime />
				<StartDateTime />
				<CompleteDateTime />
				<CheckedOutUser />
				<CheckedOutUserName />
				<Deadline />
			</Workitem>
			<User>
				<LoginID />
				<MemberID />
				<Name />
				<ShortName />
				<DepartmentName />
				<EmployeeCode />
				<Email />
				<JobTitle1 />
				<JobTitle2 />
				<JobTitle3 />
				<CustomAttribute1 />
				<CustomAttribute2 />
				<CustomAttribute3 />
				<CustomAttribute4 />
				<CustomAttribute5 />
				<UserGroups>
					<UserGroup>
						<ID />
						<Name />
						<Path />
					</UserGroup>
					<UserGroup>
						<ID />
						<Name />
						<Path />
					</UserGroup>
					<UserGroup>
						<ID />
						<Name />
						<Path />
					</UserGroup>
				</UserGroups>
			</User>
			<Application>
				<Name />
				<ApplicationState />
				<CheckOutState />
				<CheckedOutUser />
				<Updatable />
				<ViewType />
			</Application>
		</WorkitemContext>
		<FORM_DATA xmlns="">
			<ID />
			<DOCUMENT>
				<POSITION />
			</DOCUMENT>
		</FORM_DATA>
		<formData>
			<ATC_GRADE_ID />
			<ATC_PAY_CORDINATED />
			<ATC_ENTITLED_TO_BENEFITS />
			<ATC_INTER_WORKED_DAYSHOURS />
			<ATC_INTER_PROJECTED_DAYSHOURS />
			<ATC_FISCALYEAR />
			<ATC_PAY_SET_AS_GRADE_ID />
			<ATC_VETS_PREF_CODE />
			<ATC_PAY_SET_AS_STEP />
			<ATC_CITIZEN_OF />
			<ATC_BENEFITS />
			<ATC_VISA_ASSISTANCE_REQ />
			<ATC_TERMINATE_RET_ALLOWANCE />
			<ATC_POST_DIFF_STATUS />
			<ATC_COLA_STATUS />
			<ATC_DANGER_PAY_STATUS />
			<ATC_PRIOR_FEDERAL_SERVICE />
			<ATC_HP_GRADE_ID />
			<ATC_HP_STEP />
			<ATC_PRIOR_LOCATION />
			<ATC_PRIOR_YEAR />
		</formData>
	</Data>
</eForm>
