<?xml version="1.0" encoding="UTF-8"?>
<eForm xmlns="http://www.hyfinity.com/mvc" xmlns:mvc="http://www.hyfinity.com/mvc">
	<Control>
		<action>vacancy</action>
		<Page />
		<Controller />
	</Control>
	<Data>
		<WorkitemContext xmlns="">
			<SessionInfoXML />
			<Process>
				<ID />
				<Name />
				<Description />
				<State />
				<ProcessDefinitionID />
				<ProcessDefinitionName />
				<Deadline />
				<Initiator />
				<InitiatorName />
				<CreationDateTime />
				<CompleteDateTime />
				<ProcessVariables>
					<adminCode />
					<cdcEmailDisclaimer />
					<cioAdminPOC />
					<classSpecialist />
					<classificationType />
					<hiringMethod />
					<hroSpecialist />
					<jobRequestNumber />
					<meetingDate />
					<meetingDateString />
					<orgName />
					<positionTitle />
					<requestStatus />
					<requestType />
					<selectOfficial />
					<wihmode />
				</ProcessVariables>
				<CustomAttributes>
					<CustomAttribute>
						<Name />
						<CustomAttributeValueType />
						<Value />
						<Description />
					</CustomAttribute>
					<CustomAttribute>
						<Name />
						<CustomAttributeValueType />
						<Value />
						<Description />
					</CustomAttribute>
					<CustomAttribute>
						<Name />
						<CustomAttributeValueType />
						<Value />
						<Description />
					</CustomAttribute>
				</CustomAttributes>
			</Process>
			<Activity>
				<Sequence />
				<Name />
				<Description />
				<State />
				<CreationDateTime />
				<CompleteDateTime />
				<Responses>
					<Response>
						<Name />
						<IsDefault />
						<Rule />
					</Response>
					<Response>
						<Name />
						<IsDefault />
						<Rule />
					</Response>
					<Response>
						<Name />
						<IsDefault />
						<Rule />
					</Response>
				</Responses>
				<CustomAttributes>
					<CustomAttribute>
						<Name />
						<CustomAttributeValueType />
						<Value />
						<Description />
					</CustomAttribute>
					<CustomAttribute>
						<Name />
						<CustomAttributeValueType />
						<Value />
						<Description />
					</CustomAttribute>
					<CustomAttribute>
						<Name />
						<CustomAttributeValueType />
						<Value />
						<Description />
					</CustomAttribute>
				</CustomAttributes>
			</Activity>
			<Workitem>
				<Sequence />
				<Participant />
				<ParticipantName />
				<ParticipantType />
				<State />
				<CreationDateTime />
				<StartDateTime />
				<CompleteDateTime />
				<CheckedOutUser />
				<CheckedOutUserName />
				<Deadline />
			</Workitem>
			<User>
				<LoginID />
				<MemberID />
				<Name />
				<ShortName />
				<DepartmentName />
				<EmployeeCode />
				<Email />
				<JobTitle1 />
				<JobTitle2 />
				<JobTitle3 />
				<CustomAttribute1 />
				<CustomAttribute2 />
				<CustomAttribute3 />
				<CustomAttribute4 />
				<CustomAttribute5 />
				<UserGroups>
					<UserGroup>
						<ID />
						<Name />
						<Path />
					</UserGroup>
					<UserGroup>
						<ID />
						<Name />
						<Path />
					</UserGroup>
					<UserGroup>
						<ID />
						<Name />
						<Path />
					</UserGroup>
				</UserGroups>
			</User>
			<Application>
				<Name />
				<ApplicationState />
				<CheckOutState />
				<CheckedOutUser />
				<Updatable />
				<ViewType />
			</Application>
		</WorkitemContext>
		<FORM_DATA xmlns="">
			<ID />
			<DOCUMENT>
				<GENERAL>
					<ADMIN_CD />
					<RT_ID />
					<CT_ID />
					<SO_ID />
					<SO_PHONE />
					<SO_ORG />
					<CIOA_ID />
					<CIOA_PHONE />
					<HROS_ID />
					<HROS_PHONE />
					<CLASS_SPEC_ID />
					<CLASS_SPEC_PHONE />
					<SME_REQ />
					<SME_NAME />
					<SME_EMAIL />
					<SME_ORG />
					<STF_VAL />
					<STF_VAL_JUST />
					<PBMS_CON />
					<PBMS_CON_JUST />
					<HIRE_GUIDE_REV />
					<HIRE_GUIDE_REV_JUST />
				</GENERAL>
			</DOCUMENT>
		</FORM_DATA>
		<formData>
			<sessioninfo />
			<procid />
			<actseq />
			<workseq />
			<appseq />
			<isarchive />
			<readOnly />
			<VIN />
			<VAN />
			<CERT_ANN_TYPE />
			<CERT_NUM />
			<CERT_TYPE />
			<DATE_CERT_ISS />
			<DATE_CERT_SENT_SO />
			<DATE_CERT_EXP />
			<CERT_EXT />
			<NEW_CERT_EXP />
			<CERT_CANCEL />
			<CERT_POS_TITLE />
			<CERT_PAY_PLAN />
			<CERT_SERIES />
			<CERT_GRADE />
			<TOT_NUM_APP />
			<TOT_QUAL_APP />
			<TOT_REF_APP />
			<NOTIFY_QUAL_STAT />
			<NOTIFY_REF_APP />
			<SEL_MADE />
			<ACT_TAKEN />
			<HIRE_ACTION />
			<HIRE_DEC_HR />
		</formData>
	</Data>
</eForm>
