<?xml version="1.0" encoding="UTF-8"?>
<index desc="hsguser/mvc/BizFlow/L2_pattern_instance_pool_pool" name="hsguser/mvc/BizFlow/L2_pattern_instance_pool_pool" xmlns="http://www.hyfinity.com/xstore">
	<entry desc="" docname="GetWICDetails.xml" id="GetWICDetails" timestamp="" />
	<entry desc="" docname="SaveWICDetails.xml" id="SaveWICDetails" timestamp="" />
	<entry desc="" docname="PeopleSearch.xml" id="PeopleSearch" timestamp="" />
	<entry desc="" docname="AdmOffOrgSearch.xml" id="AdmOffOrgSearch" timestamp="" />
	<entry desc="" docname="OrganizationLevels.xml" id="OrganizationLevels" timestamp="" />
	<entry desc="" docname="DutyStationSearch.xml" id="DutyStationSearch" timestamp="" />
	<entry desc="" docname="PayPlans.xml" id="PayPlans" timestamp="" />
	<entry desc="" docname="Series.xml" id="Series" timestamp="" />
	<entry desc="" docname="FakeUSAStaffing.xml" id="FakeUSAStaffing" timestamp="" />
	<entry desc="" docname="ClassificationStandards.xml" id="ClassificationStandards" timestamp="" />
	<entry desc="" docname="Countries.xml" id="Countries" timestamp="" />
	<entry desc="" docname="NoticeOfAction.xml" id="NoticeOfAction" timestamp="" />
</index>
