<?xml version="1.0" encoding="UTF-8"?>
<eForm xmlns="http://www.hyfinity.com/mvc" xmlns:mvc="http://www.hyfinity.com/mvc">
	<Control>
		<action />
		<Page />
		<Controller />
	</Control>
	<Data>
		<formData>
			<FINANCIAL_STATEMENT />
			<LICENSE_INFO />
			<DOMESTIC_TRAVEL_PERCENTAGE />
			<INTERNATIONAL_TRAVEL_PERCENTAGE />
			<OTHER_CONDITIONS />
			<OTHER_INCENTIVES />
			<LANGUAGE />
			<PRE_EMP_PHYSICAL_REQUIRED />
			<DRUG_TEST_REQUIRED />
			<IMMUNIZATION_REQUIRED />
			<MOBILITY_AGREEMENT_REQUIRED />
			<FINANCIAL_DISCLOSURE_REQUIRED />
			<LICENSE_REQUIRED />
			<TRAVEL_REQUIRED />
			<LANGUAGE_REQUIRED />
			<MOVING_EXPENSES_AUTHORIZED />
			<RELOCATION_INCENTIVE_AUTHORIZED />
			<RECRUITMENT_INCENTIVE_AUTHORIZED />
			<STUDENT_LOAN_REPAYMENT_AUTHORIZED />
			<ANNUAL_LEAVE_FOR_NON_FEDERAL_SERVICE />
		</formData>
		<lookup xmlns="">
			<record>
				<ID />
				<NAME />
				<PARENTID />
				<LTYPE />
				<LABEL />
				<ACTIVE />
				<DISPORDER />
			</record>
		</lookup>
	</Data>
</eForm>
