<?xml version="1.0" encoding="UTF-8"?>
<hy:rulebase cache="false" context="/" disable="true" forward_chain="false" return="/" xmlns="http://www.hyfinity.com/xstore" xmlns:hy="http://www.hyfinity.com/xengine" xmlns:mvc="http://www.hyfinity.com/mvc" xmlns:xg="http://www.hyfinity.com/xgate">
	<hy:rule base="custom" desc="" disable="false" id="OrgList" priority="10">
		<hy:head>
			<hy:result disable="false" id="getOrg">
				<hy:operator>SQL</hy:operator>
				<hy:target action="Query" name="mvc-cdc_api-workflowdb-Database" update="append">
					<hy:params>
						<hy:param name="sql_statement" type="java.lang.String"> SELECT 'ORG_NAME' FLDID,'DEPARTMENT OF HEALTH AND HUMAN SERVICES' ORG_DESC,'H' AC_ADMIN_CD
 FROM DUAL
 UNION ALL
 SELECT 'ORG_NAME_LVL1' FLDID, ADMIN_CODE_DESC ORG_DESC,ADMIN_CODE AC_ADMIN_CD
 FROM HHS_HR.ADMINISTRATIVE_CODE
 WHERE UPPER(ADMIN_CODE) = UPPER(SUBSTR($parentCD,0,2))
 UNION ALL
 SELECT 'ORG_NAME_LVL2' FLDID, ADMIN_CODE_DESC ORG_DESC,ADMIN_CODE AC_ADMIN_CD
 FROM HHS_HR.ADMINISTRATIVE_CODE
 WHERE UPPER(ADMIN_CODE) = UPPER(SUBSTR($parentCD,0,3))
 UNION ALL
 SELECT 'ORG_NAME_LVL3' FLDID, ADMIN_CODE_DESC ORG_DESC,ADMIN_CODE AC_ADMIN_CD
 FROM HHS_HR.ADMINISTRATIVE_CODE
 WHERE UPPER(ADMIN_CODE) = UPPER(SUBSTR($parentCD,0,4))
 UNION ALL
 SELECT 'ORG_NAME_LVL4' FLDID, ADMIN_CODE_DESC ORG_DESC,ADMIN_CODE AC_ADMIN_CD
 FROM HHS_HR.ADMINISTRATIVE_CODE
 WHERE UPPER(ADMIN_CODE) = UPPER(SUBSTR($parentCD,0,5))
 UNION ALL
 SELECT 'ORG_NAME_LVL5' FLDID, ADMIN_CODE_DESC ORG_DESC,ADMIN_CODE AC_ADMIN_CD
 FROM HHS_HR.ADMINISTRATIVE_CODE
 WHERE UPPER(ADMIN_CODE) = UPPER(SUBSTR($parentCD,0,6))
 UNION ALL
 SELECT 'ORG_NAME_LVL6' FLDID, ADMIN_CODE_DESC ORG_DESC,ADMIN_CODE AC_ADMIN_CD
 FROM HHS_HR.ADMINISTRATIVE_CODE
 WHERE UPPER(ADMIN_CODE) = UPPER(SUBSTR($parentCD,0,7))
 UNION ALL
 SELECT 'ORG_NAME_LVL7' FLDID, ADMIN_CODE_DESC ORG_DESC,ADMIN_CODE AC_ADMIN_CD
 FROM HHS_HR.ADMINISTRATIVE_CODE
 WHERE UPPER(ADMIN_CODE) = UPPER(SUBSTR($parentCD,0,8))
 UNION ALL
 SELECT 'ORG_NAME_LVL8' FLDID, ADMIN_CODE_DESC ORG_DESC,ADMIN_CODE AC_ADMIN_CD
 FROM HHS_HR.ADMINISTRATIVE_CODE
 WHERE UPPER(ADMIN_CODE) = UPPER(SUBSTR($parentCD,0,9))
</hy:param>
						<hy:param name="to_location" type="com.hyfinity.xpath.XPath">/mvc:eForm/mvc:Data</hy:param>
						<hy:param name="$parentCD" type="string">/mvc:eForm/mvc:Control/mvc:parentOrg</hy:param>
					</hy:params>
				</hy:target>
			</hy:result>
			<hy:result disable="false" id="renameOrg">
				<hy:operator>Rename</hy:operator>
				<hy:target action="rename" name="factbase" update="">
					<hy:params>
						<hy:param name="location" type="com.hyfinity.xpath.XPath">/mvc:eForm/mvc:Data/sql_result[last()]/statement</hy:param>
						<hy:param name="new_name" type="java.lang.String">org_list</hy:param>
						<hy:param name="new_namespace" type="java.lang.String" />
					</hy:params>
				</hy:target>
			</hy:result>
			<hy:result disable="false" id="moveOrg">
				<hy:operator>Move</hy:operator>
				<hy:target action="add" name="factbase" update="correct_replace">
					<hy:params>
						<hy:param name="from_location" type="com.hyfinity.xpath.XPath">/mvc:eForm/mvc:Data/sql_result[last()]/org_list</hy:param>
						<hy:param name="to_location" type="com.hyfinity.xpath.XPath">/mvc:eForm/mvc:Data/sql_result[last()]</hy:param>
					</hy:params>
				</hy:target>
			</hy:result>
		</hy:head>
		<hy:body>
			<hy:clause id="SearchOrg" multiple="false">
				<hy:operator>Read</hy:operator>
				<hy:target action="eval" name="factbase">
					<hy:params>
						<hy:param name="xpath_expression" type="com.hyfinity.xpath.XPath">/mvc:eForm/mvc:Control/mvc:parentOrg != ''</hy:param>
					</hy:params>
				</hy:target>
			</hy:clause>
		</hy:body>
	</hy:rule>
	<hy:rule base="modified" desc="Writes the page xsl information to be used for screen display" disable="false" id="write_XML" priority="30">
		<hy:head>
			<hy:result disable="false" id="write_XML">
				<hy:operator>Write</hy:operator>
				<hy:target action="write" name="factbase" update="append">
					<hy:params>
						<hy:param name="xpath_to_value" type="com.hyfinity.xpath.XPath">/mvc:eForm/mvc:Data/admorg_list</hy:param>
						<hy:param name="to_location" type="com.hyfinity.xpath.XPath">/mvc:eForm/mvc:Control/mvc:Page</hy:param>
					</hy:params>
				</hy:target>
			</hy:result>
		</hy:head>
		<hy:body />
	</hy:rule>
</hy:rulebase>
