<?xml version="1.0" encoding="UTF-8"?>
<hy:rulebase cache="false" context="/" disable="true" forward_chain="false" return="/" xmlns="http://www.hyfinity.com/xstore" xmlns:hy="http://www.hyfinity.com/xengine" xmlns:mvc="http://www.hyfinity.com/mvc" xmlns:xg="http://www.hyfinity.com/xgate">
	<hy:rule base="custom" desc="" disable="true" id="EmpList" priority="10">
		<hy:head>
			<hy:result disable="false" id="getEmp">
				<hy:operator>SQL</hy:operator>
				<hy:target action="Query" name="mvc-cdc_api-workflowdb-Database" update="append">
					<hy:params>
						<hy:param name="sql_statement" type="java.lang.String">SELECT DISTINCT M.MEMBERID MID,M.NAME DSPNAME,M.DEPTNAME, M.EMAIL
FROM BIZFLOW.USRGRPPRTCP UGP JOIN BIZFLOW.MEMBER M
    ON UGP.PRTCP = M.MEMBERID JOIN BIZFLOW.MEMBER G
    ON UGP.USRGRPID = G.MEMBERID
WHERE ugp.usrgrphid = (SELECT MEMBERID FROM BIZFLOW.MEMBER WHERE TYPE='H' AND NAME = 'CDC')
    AND LOWER(M.NAME)  LIKE LOWER(CONCAT('%', CONCAT($searchString,'%')))
     AND  LOWER(G.NAME) IN 
     (
        SELECT *
        FROM TABLE(
          SELECT
            CASE WHEN LENGTH($groupName) &gt; 0 THEN sys.odcivarchar2list(LOWER($groupName))
                  ELSE sys.odcivarchar2list('selecting officials','cio admins pocs','classification specialists','staffing specialists','standard user group')
            END options
          FROM dual
        )
      )
 ORDER BY M.NAME;</hy:param>
						<hy:param name="to_location" type="com.hyfinity.xpath.XPath">/mvc:eForm/mvc:Data</hy:param>
						<hy:param name="$searchString" type="string">/mvc:eForm/mvc:Control/mvc:searchString</hy:param>
						<hy:param name="$groupName" type="string">/mvc:eForm/mvc:Control/mvc:groupName</hy:param>
					</hy:params>
				</hy:target>
			</hy:result>
			<hy:result disable="false" id="renameEmp">
				<hy:operator>Rename</hy:operator>
				<hy:target action="rename" name="factbase" update="">
					<hy:params>
						<hy:param name="location" type="com.hyfinity.xpath.XPath">/mvc:eForm/mvc:Data/sql_result[last()]/statement</hy:param>
						<hy:param name="new_name" type="java.lang.String">emp_list</hy:param>
						<hy:param name="new_namespace" type="java.lang.String" />
					</hy:params>
				</hy:target>
			</hy:result>
			<hy:result disable="false" id="moveEmp">
				<hy:operator>Move</hy:operator>
				<hy:target action="add" name="factbase" update="correct_replace">
					<hy:params>
						<hy:param name="from_location" type="com.hyfinity.xpath.XPath">/mvc:eForm/mvc:Data/sql_result[last()]/emp_list</hy:param>
						<hy:param name="to_location" type="com.hyfinity.xpath.XPath">/mvc:eForm/mvc:Data/sql_result[last()]</hy:param>
					</hy:params>
				</hy:target>
			</hy:result>
		</hy:head>
		<hy:body>
			<hy:clause id="check_searchMode_empty" multiple="false">
				<hy:operator>Read</hy:operator>
				<hy:target action="eval" name="factbase">
					<hy:params>
						<hy:param name="xpath_expression" type="com.hyfinity.xpath.XPath">/mvc:eForm/mvc:Control/mvc:groupName</hy:param>
					</hy:params>
				</hy:target>
			</hy:clause>
		</hy:body>
	</hy:rule>
	<hy:rule base="modified" desc="Writes the page xsl information to be used for screen display" disable="false" id="write_XML" priority="40">
		<hy:head>
			<hy:result disable="false" id="write_XML">
				<hy:operator>Write</hy:operator>
				<hy:target action="write" name="factbase" update="append">
					<hy:params>
						<hy:param name="xpath_to_value" type="com.hyfinity.xpath.XPath">/mvc:eForm/mvc:Data/emp_list</hy:param>
						<hy:param name="to_location" type="com.hyfinity.xpath.XPath">/mvc:eForm/mvc:Control/mvc:Page</hy:param>
					</hy:params>
				</hy:target>
			</hy:result>
		</hy:head>
		<hy:body />
	</hy:rule>
	<hy:rule base="custom" desc="" disable="false" id="EmpList_All" priority="20">
		<hy:head>
			<hy:result disable="false" id="getEmp">
				<hy:operator>SQL</hy:operator>
				<hy:target action="Query" name="mvc-cdc_api-workflowdb-Database" update="append">
					<hy:params>
						<hy:param name="sql_statement" type="java.lang.String">SELECT DISTINCT M.MEMBERID MID,M.NAME DSPNAME,M.DEPTNAME, M.EMAIL, '[' || M.TYPE || ']' || M.MEMBERID PVMID
  FROM BIZFLOW.MEMBER UH 
       JOIN BIZFLOW.MEMBER UG ON UG.DEPTID = UH.MEMBERID
       JOIN BIZFLOW.USRGRPPRTCP UGP ON UGP.USRGRPID = UG.MEMBERID
       JOIN BIZFLOW.MEMBER M ON M.MEMBERID = UGP.PRTCP
WHERE UH.NAME = 'CDC'
  AND UH.TYPE = 'H'
  AND UGP.USRGRPHID IS NOT NULL
  AND lower(M.NAME) LIKE '%' || lower($searchString) || '%'
ORDER BY M.NAME


</hy:param>
						<hy:param name="to_location" type="com.hyfinity.xpath.XPath">/mvc:eForm/mvc:Data</hy:param>
						<hy:param name="$searchString" type="string">/mvc:eForm/mvc:Control/mvc:searchString</hy:param>
					</hy:params>
				</hy:target>
			</hy:result>
			<hy:result disable="false" id="renameEmp">
				<hy:operator>Rename</hy:operator>
				<hy:target action="rename" name="factbase" update="">
					<hy:params>
						<hy:param name="location" type="com.hyfinity.xpath.XPath">/mvc:eForm/mvc:Data/sql_result[last()]/statement</hy:param>
						<hy:param name="new_name" type="java.lang.String">emp_list</hy:param>
						<hy:param name="new_namespace" type="java.lang.String" />
					</hy:params>
				</hy:target>
			</hy:result>
			<hy:result disable="false" id="moveEmp">
				<hy:operator>Move</hy:operator>
				<hy:target action="add" name="factbase" update="correct_replace">
					<hy:params>
						<hy:param name="from_location" type="com.hyfinity.xpath.XPath">/mvc:eForm/mvc:Data/sql_result[last()]/emp_list</hy:param>
						<hy:param name="to_location" type="com.hyfinity.xpath.XPath">/mvc:eForm/mvc:Data/sql_result[last()]</hy:param>
					</hy:params>
				</hy:target>
			</hy:result>
		</hy:head>
		<hy:body>
			<hy:or>
				<hy:clause id="check_searchMode_groupName" multiple="false">
					<hy:operator>Read</hy:operator>
					<hy:target action="eval" name="factbase">
						<hy:params>
							<hy:param name="xpath_expression" type="com.hyfinity.xpath.XPath">not(/mvc:eForm/mvc:Control/mvc:groupName)</hy:param>
						</hy:params>
					</hy:target>
				</hy:clause>
				<hy:clause id="check_searchMode_empty" multiple="false">
					<hy:operator>Read</hy:operator>
					<hy:target action="eval" name="factbase">
						<hy:params>
							<hy:param name="xpath_expression" type="com.hyfinity.xpath.XPath">mvc:eForm/mvc:Control/mvc:groupName[.= '']</hy:param>
						</hy:params>
					</hy:target>
				</hy:clause>
			</hy:or>
		</hy:body>
	</hy:rule>
	<hy:rule base="custom" desc="" disable="false" id="EmpList_New" priority="15">
		<hy:head>
			<hy:result disable="false" id="getEmp">
				<hy:operator>SQL</hy:operator>
				<hy:target action="Query" name="mvc-cdc_api-workflowdb-Database" update="append">
					<hy:params>
						<hy:param name="sql_statement" type="java.lang.String">SELECT DISTINCT M.MEMBERID MID,M.NAME DSPNAME,M.DEPTNAME, M.EMAIL, '[' || M.TYPE || ']' || M.MEMBERID PVMID
  FROM BIZFLOW.MEMBER UH 
       JOIN BIZFLOW.MEMBER UG ON UG.DEPTID = UH.MEMBERID
       JOIN BIZFLOW.USRGRPPRTCP UGP ON UGP.USRGRPID = UG.MEMBERID
       JOIN BIZFLOW.MEMBER M ON M.MEMBERID = UGP.PRTCP
WHERE UH.NAME = 'CDC'
  AND UH.TYPE = 'H'
  AND UGP.USRGRPHID IS NOT NULL
  AND lower(UG.NAME) = lower($groupName)
  AND lower(M.NAME) LIKE '%' || lower($searchString) || '%'
ORDER BY M.NAME</hy:param>
						<hy:param name="to_location" type="com.hyfinity.xpath.XPath">/mvc:eForm/mvc:Data</hy:param>
						<hy:param name="$groupName" type="string">/mvc:eForm/mvc:Control/mvc:groupName</hy:param>
						<hy:param name="$searchString" type="string">/mvc:eForm/mvc:Control/mvc:searchString</hy:param>
					</hy:params>
				</hy:target>
			</hy:result>
			<hy:result disable="false" id="renameEmp">
				<hy:operator>Rename</hy:operator>
				<hy:target action="rename" name="factbase" update="">
					<hy:params>
						<hy:param name="location" type="com.hyfinity.xpath.XPath">/mvc:eForm/mvc:Data/sql_result[last()]/statement</hy:param>
						<hy:param name="new_name" type="java.lang.String">emp_list</hy:param>
						<hy:param name="new_namespace" type="java.lang.String" />
					</hy:params>
				</hy:target>
			</hy:result>
			<hy:result disable="false" id="moveEmp">
				<hy:operator>Move</hy:operator>
				<hy:target action="add" name="factbase" update="correct_replace">
					<hy:params>
						<hy:param name="from_location" type="com.hyfinity.xpath.XPath">/mvc:eForm/mvc:Data/sql_result[last()]/emp_list</hy:param>
						<hy:param name="to_location" type="com.hyfinity.xpath.XPath">/mvc:eForm/mvc:Data/sql_result[last()]</hy:param>
					</hy:params>
				</hy:target>
			</hy:result>
		</hy:head>
		<hy:body>
			<hy:clause id="check_searchMode_groupName" multiple="false">
				<hy:operator>Read</hy:operator>
				<hy:target action="eval" name="factbase">
					<hy:params>
						<hy:param name="xpath_expression" type="com.hyfinity.xpath.XPath">/mvc:eForm/mvc:Control/mvc:groupName</hy:param>
					</hy:params>
				</hy:target>
			</hy:clause>
		</hy:body>
	</hy:rule>
</hy:rulebase>
