<?xml version="1.0" encoding="UTF-8"?>
<eForm xmlns="http://www.hyfinity.com/mvc" xmlns:mvc="http://www.hyfinity.com/mvc">
	<Control>
		<action />
		<Page />
		<Controller />
	</Control>
	<Data>
		<formData>
			<FINANCIAL_STATEMENT />
			<OPM_CERTIFICATION_NO />
			<PHYSICIANS_COMPARABILITY_ALLOWANCE />
			<DRUG_TEST_REQUIRED />
			<PRE_EMPLOYMENT_PHYSICAL_REQUIRED />
			<SELECT_AGENT_ACCESS_REQUIRED />
			<FINANCIAL_DISCLOSURE_REQUIRED />
			<FAIR_LABOR_STANDARDS_ACT />
			<ACQUISITION_CODE />
			<SUBJECT_TO_ADDITIONAL_IDENTICAL />
			<INCUMBENT_ONLY />
			<COMMISSIONED_CORPS_ELIGIBLE />
			<COMPETITIVE_LEVEL_CODE />
			<CYBER_SECURITY_CODE />
			<BARGAINING_UNIT_STATUS_CODE />
			<CLA_EXP />
			<OFFICIAL_REASON_SUB />
		</formData>
		<lookup xmlns="">
			<record>
				<ID />
				<NAME />
				<PARENTID />
				<LTYPE />
				<LABEL />
				<ACTIVE />
				<DISPORDER />
			</record>
		</lookup>
	</Data>
</eForm>
