<?xml version="1.0" encoding="UTF-8"?>
<xforms xmlns="http://www.hyfinity.com/formmaker" xmlns:mvc="http://www.hyfinity.com/mvc" xmlns:xs="http://www.w3.org/2001/XMLSchema">
	<instance_configuration>
		<action maintain_form_data="false" name="saveNewForm" />
		<action base="saveNewForm" maintain_form_data="false" name="saveTabContent" />
	</instance_configuration>
	<page />
	<group name="background" />
	<group name="container" />
	<group name="bodySection" />
	<group name="tab_container_group" />
	<group name="tab1" />
	<group name="partial_tab1" />
	<group name="tab2" />
	<group name="partial_tab2" />
	<group name="tab8" />
	<group name="partial_tab8" />
	<group name="bottomSection" />
	<group name="system" />
	<group name="layout_TabPreviousNext" />
	<group name="layout_group" />
	<group name="actionButtonsBottom" />
	<group name="actionButtonPerActivity" />
	<group name="actionButton_Activity1" />
	<group name="actionButton_Common" />
	<group name="layoutForResponse" />
	<group name="layout_group_4" />
	<group name="layout_group_5" />
	<element name="tab_control">
		<action name="saveNewForm">
			<xform_xpath>enter_xpath_here</xform_xpath>
		</action>
		<transform_xpath>/mvc:eForm/mvc:Data/mvc:formData/mvc:tab_control</transform_xpath>
		<description />
		<fm:action name="getRequestNumber" xmlns:fm="http://www.hyfinity.com/formmaker">
			<fm:xform_xpath>/mvc:eForm/mvc:Data/mvc:formData/mvc:tab_control</fm:xform_xpath>
		</fm:action>
	</element>
	<element name="button_Previous">
		<fm:transform_xpath xmlns:fm="http://www.hyfinity.com/formmaker">/mvc:eForm/mvc:Data/mvc:formData/mvc:button_Previous</fm:transform_xpath>
		<fm:action name="saveNewForm" xmlns:fm="http://www.hyfinity.com/formmaker">
			<fm:xform_xpath>/mvc:eForm/mvc:Data/mvc:formData/mvc:button_Previous</fm:xform_xpath>
		</fm:action>
		<fm:action name="getRequestNumber" xmlns:fm="http://www.hyfinity.com/formmaker">
			<fm:xform_xpath>/mvc:eForm/mvc:Data/mvc:formData/mvc:button_Previous</fm:xform_xpath>
		</fm:action>
	</element>
	<element name="button_Next">
		<fm:transform_xpath xmlns:fm="http://www.hyfinity.com/formmaker">/mvc:eForm/mvc:Data/mvc:formData/mvc:button_Next</fm:transform_xpath>
		<fm:action name="saveNewForm" xmlns:fm="http://www.hyfinity.com/formmaker">
			<fm:xform_xpath>/mvc:eForm/mvc:Data/mvc:formData/mvc:button_Next</fm:xform_xpath>
		</fm:action>
		<fm:action name="getRequestNumber" xmlns:fm="http://www.hyfinity.com/formmaker">
			<fm:xform_xpath>/mvc:eForm/mvc:Data/mvc:formData/mvc:button_Next</fm:xform_xpath>
		</fm:action>
	</element>
	<element name="button_SubmitToHR">
		<description />
		<fm:transform_xpath xmlns:fm="http://www.hyfinity.com/formmaker">/mvc:eForm/mvc:Data/mvc:formData/mvc:button_SubmitToHR</fm:transform_xpath>
		<fm:action name="saveNewForm" xmlns:fm="http://www.hyfinity.com/formmaker">
			<fm:xform_xpath>/mvc:eForm/mvc:Data/mvc:formData/mvc:button_SubmitToHR</fm:xform_xpath>
		</fm:action>
		<fm:action name="getRequestNumber" xmlns:fm="http://www.hyfinity.com/formmaker">
			<fm:xform_xpath>/mvc:eForm/mvc:Data/mvc:formData/mvc:button_SubmitToHR</fm:xform_xpath>
		</fm:action>
		<fm:action name="saveTabContent" xmlns:fm="http://www.hyfinity.com/formmaker" />
	</element>
	<element name="button_CancelWorkitem">
		<fm:transform_xpath xmlns:fm="http://www.hyfinity.com/formmaker">/mvc:eForm/mvc:Data/mvc:formData/mvc:button_CancelWorkitem</fm:transform_xpath>
		<fm:action name="saveNewForm" xmlns:fm="http://www.hyfinity.com/formmaker" />
		<fm:action name="getRequestNumber" xmlns:fm="http://www.hyfinity.com/formmaker">
			<fm:xform_xpath>/mvc:eForm/mvc:Data/mvc:formData/mvc:button_CancelWorkitem</fm:xform_xpath>
		</fm:action>
		<description />
	</element>
	<element name="button_SaveWorkitem">
		<fm:transform_xpath xmlns:fm="http://www.hyfinity.com/formmaker">/mvc:eForm/mvc:Data/mvc:formData/mvc:button_SaveWorkitem</fm:transform_xpath>
		<fm:action name="saveNewForm" xmlns:fm="http://www.hyfinity.com/formmaker" />
		<fm:action name="getRequestNumber" xmlns:fm="http://www.hyfinity.com/formmaker" />
		<fm:action name="saveTabContent" xmlns:fm="http://www.hyfinity.com/formmaker" />
		<description />
	</element>
	<element name="button_ExitWIH">
		<description />
		<fm:transform_xpath xmlns:fm="http://www.hyfinity.com/formmaker">/mvc:eForm/mvc:Data/mvc:formData/mvc:button_ExitWIH</fm:transform_xpath>
		<fm:action name="saveNewForm" xmlns:fm="http://www.hyfinity.com/formmaker" />
		<fm:action name="getRequestNumber" xmlns:fm="http://www.hyfinity.com/formmaker">
			<fm:xform_xpath>/mvc:eForm/mvc:Data/mvc:formData/mvc:button_ExitWIH</fm:xform_xpath>
		</fm:action>
		<fm:action name="saveTabContent" xmlns:fm="http://www.hyfinity.com/formmaker" />
	</element>
	<element name="WIH_exit_requested">
		<fm:action name="saveNewForm" xmlns:fm="http://www.hyfinity.com/formmaker">
			<xform_xpath>/mvc:eForm/mvc:Data/mvc:formData/mvc:WIH_exit_requested</xform_xpath>
		</fm:action>
		<fm:transform_xpath xmlns:fm="http://www.hyfinity.com/formmaker">/mvc:eForm/mvc:Data/mvc:formData/mvc:WIH_exit_requested</fm:transform_xpath>
		<fm:action name="getRequestNumber" xmlns:fm="http://www.hyfinity.com/formmaker">
			<fm:xform_xpath>/mvc:eForm/mvc:Data/mvc:formData/mvc:WIH_exit_requested</fm:xform_xpath>
		</fm:action>
	</element>
	<element name="WIH_save_requested">
		<fm:action name="saveNewForm" xmlns:fm="http://www.hyfinity.com/formmaker">
			<fm:xform_xpath>/mvc:eForm/mvc:Data/mvc:formData/mvc:WIH_save_requested</fm:xform_xpath>
		</fm:action>
		<fm:transform_xpath xmlns:fm="http://www.hyfinity.com/formmaker">/mvc:eForm/mvc:Data/mvc:formData/mvc:WIH_save_requested</fm:transform_xpath>
		<fm:action name="getRequestNumber" xmlns:fm="http://www.hyfinity.com/formmaker">
			<fm:xform_xpath>/mvc:eForm/mvc:Data/mvc:formData/mvc:WIH_save_requested</fm:xform_xpath>
		</fm:action>
	</element>
	<element name="WIH_complete_requested">
		<fm:action name="saveNewForm" xmlns:fm="http://www.hyfinity.com/formmaker">
			<fm:xform_xpath>/mvc:eForm/mvc:Data/mvc:formData/mvc:WIH_complete_requested</fm:xform_xpath>
		</fm:action>
		<fm:transform_xpath xmlns:fm="http://www.hyfinity.com/formmaker">/mvc:eForm/mvc:Data/mvc:formData/mvc:WIH_complete_requested</fm:transform_xpath>
		<fm:action name="getRequestNumber" xmlns:fm="http://www.hyfinity.com/formmaker">
			<fm:xform_xpath>/mvc:eForm/mvc:Data/mvc:formData/mvc:WIH_complete_requested</fm:xform_xpath>
		</fm:action>
	</element>
	<element name="h_activityName">
		<fm:action name="saveNewForm" xmlns:fm="http://www.hyfinity.com/formmaker">
			<xform_xpath>/mvc:eForm/mvc:Data/mvc:formData/mvc:h_activityName</xform_xpath>
		</fm:action>
		<fm:action name="getRequestNumber" xmlns:fm="http://www.hyfinity.com/formmaker">
			<xform_xpath>/mvc:eForm/mvc:Data/mvc:formData/mvc:h_activityName</xform_xpath>
		</fm:action>
		<transform_xpath>/mvc:eForm/mvc:Data/WorkitemContext/Activity/Name</transform_xpath>
		<description />
	</element>
	<element name="h_witemParticipantID">
		<fm:action name="saveNewForm" xmlns:fm="http://www.hyfinity.com/formmaker">
			<xform_xpath>/mvc:eForm/mvc:Data/mvc:formData/mvc:h_witemParticipantID</xform_xpath>
		</fm:action>
		<fm:action name="getRequestNumber" xmlns:fm="http://www.hyfinity.com/formmaker">
			<fm:xform_xpath>/mvc:eForm/mvc:Data/mvc:formData/mvc:h_witemParticipantID</fm:xform_xpath>
		</fm:action>
		<transform_xpath>/mvc:eForm/mvc:Data/WorkitemContext/Workitem/Participant</transform_xpath>
		<description />
	</element>
	<element name="h_witemParticipantName">
		<fm:action name="saveNewForm" xmlns:fm="http://www.hyfinity.com/formmaker">
			<xform_xpath>/mvc:eForm/mvc:Data/mvc:formData/mvc:h_witemParticipantName</xform_xpath>
		</fm:action>
		<fm:action name="getRequestNumber" xmlns:fm="http://www.hyfinity.com/formmaker">
			<fm:xform_xpath>/mvc:eForm/mvc:Data/mvc:formData/mvc:h_witemParticipantName</fm:xform_xpath>
		</fm:action>
		<transform_xpath>/mvc:eForm/mvc:Data/WorkitemContext/Workitem/ParticipantName</transform_xpath>
		<description />
	</element>
	<element name="h_userGroups">
		<fm:action name="saveNewForm" xmlns:fm="http://www.hyfinity.com/formmaker">
			<xform_xpath>/mvc:eForm/mvc:Data/mvc:formData/mvc:h_userGroups</xform_xpath>
		</fm:action>
		<fm:action name="getRequestNumber" xmlns:fm="http://www.hyfinity.com/formmaker">
			<fm:xform_xpath>/mvc:eForm/mvc:Data/mvc:formData/mvc:h_userGroups</fm:xform_xpath>
		</fm:action>
		<transform_xpath>/mvc:eForm/mvc:Data/userGroups</transform_xpath>
		<description />
	</element>
	<element name="h_currentUserMemberID">
		<fm:action name="saveNewForm" xmlns:fm="http://www.hyfinity.com/formmaker">
			<xform_xpath>/mvc:eForm/mvc:Data/mvc:formData/mvc:h_currentUserMemberID</xform_xpath>
		</fm:action>
		<fm:action name="getRequestNumber" xmlns:fm="http://www.hyfinity.com/formmaker">
			<fm:xform_xpath>/mvc:eForm/mvc:Data/mvc:formData/mvc:h_currentUserMemberID</fm:xform_xpath>
		</fm:action>
		<transform_xpath>/mvc:eForm/mvc:Data/WorkitemContext/User/MemberID</transform_xpath>
		<description />
	</element>
	<element name="h_currentUserName">
		<fm:action name="saveNewForm" xmlns:fm="http://www.hyfinity.com/formmaker">
			<xform_xpath>/mvc:eForm/mvc:Data/mvc:formData/mvc:h_currentUserName</xform_xpath>
		</fm:action>
		<fm:action name="getRequestNumber" xmlns:fm="http://www.hyfinity.com/formmaker">
			<fm:xform_xpath>/mvc:eForm/mvc:Data/mvc:formData/mvc:h_currentUserName</fm:xform_xpath>
		</fm:action>
		<transform_xpath>/mvc:eForm/mvc:Data/WorkitemContext/User/Name</transform_xpath>
		<description />
	</element>
	<element name="h_creationdate">
		<fm:action name="saveNewForm" xmlns:fm="http://www.hyfinity.com/formmaker">
			<xform_xpath>/mvc:eForm/mvc:Data/mvc:formData/mvc:h_creationdate</xform_xpath>
		</fm:action>
		<transform_xpath>/mvc:eForm/mvc:Data/WorkitemContext/Process/CreationDateTime</transform_xpath>
		<description />
		<fm:action name="getRequestNumber" xmlns:fm="http://www.hyfinity.com/formmaker">
			<fm:xform_xpath>/mvc:eForm/mvc:Data/mvc:formData/mvc:h_creationdate</fm:xform_xpath>
		</fm:action>
	</element>
	<element name="h_lookupXMLString">
		<fm:action name="saveNewForm" xmlns:fm="http://www.hyfinity.com/formmaker">
			<fm:xform_xpath>/mvc:eForm/mvc:Data/mvc:formData/mvc:h_lookupXMLString</fm:xform_xpath>
		</fm:action>
		<transform_xpath>/mvc:eForm/mvc:Data/lookupString</transform_xpath>
		<description />
		<fm:action name="getRequestNumber" xmlns:fm="http://www.hyfinity.com/formmaker">
			<fm:xform_xpath>/mvc:eForm/mvc:Data/mvc:formData/mvc:h_lookupXMLString</fm:xform_xpath>
		</fm:action>
	</element>
	<element name="h_requestNumber">
		<fm:action name="saveNewForm" xmlns:fm="http://www.hyfinity.com/formmaker">
			<xform_xpath>/mvc:eForm/mvc:Data/FORM_DATA/DOCUMENT/PROCESS_VARIABLE/requestNum</xform_xpath>
			<xform_xpath>/mvc:eForm/mvc:Data/WorkitemContext/Process/ProcessVariables/requestNum</xform_xpath>
		</fm:action>
		<fm:action name="getRequestNumber" xmlns:fm="http://www.hyfinity.com/formmaker">
			<xform_xpath>/mvc:eForm/mvc:Data/mvc:formData/mvc:h_requestNumber</xform_xpath>
		</fm:action>
		<transform_xpath>/mvc:eForm/mvc:Data/WorkitemContext/Process/ProcessVariables/requestNum</transform_xpath>
		<description />
	</element>
	<element name="h_sessioninfo">
		<fm:action name="saveNewForm" xmlns:fm="http://www.hyfinity.com/formmaker">
			<xform_xpath>/mvc:eForm/mvc:Data/mvc:formData/mvc:h_sessioninfo</xform_xpath>
		</fm:action>
		<fm:action name="getRequestNumber" xmlns:fm="http://www.hyfinity.com/formmaker">
			<fm:xform_xpath>/mvc:eForm/mvc:Data/mvc:formData/mvc:h_sessioninfo</fm:xform_xpath>
		</fm:action>
		<fm:action name="saveTabContent" xmlns:fm="http://www.hyfinity.com/formmaker" />
		<transform_xpath>/mvc:eForm/mvc:Data/WorkitemContext/SessionInfoXML</transform_xpath>
		<description />
	</element>
	<element name="h_procid">
		<fm:action name="saveNewForm" xmlns:fm="http://www.hyfinity.com/formmaker">
			<fm:xform_xpath>/mvc:eForm/mvc:Data/mvc:formData/mvc:h_procid</fm:xform_xpath>
		</fm:action>
		<fm:action name="getRequestNumber" xmlns:fm="http://www.hyfinity.com/formmaker">
			<fm:xform_xpath>/mvc:eForm/mvc:Data/mvc:formData/mvc:h_procid</fm:xform_xpath>
		</fm:action>
		<fm:action name="saveTabContent" xmlns:fm="http://www.hyfinity.com/formmaker" />
		<transform_xpath>/mvc:eForm/mvc:Data/WorkitemContext/Process/ID</transform_xpath>
		<description />
	</element>
	<element name="pv_requestStatus">
		<fm:action name="saveNewForm" xmlns:fm="http://www.hyfinity.com/formmaker">
			<xform_xpath>/mvc:eForm/mvc:Data/WorkitemContext/Process/ProcessVariables/requestStatus</xform_xpath>
		</fm:action>
		<fm:action name="getRequestNumber" xmlns:fm="http://www.hyfinity.com/formmaker">
			<xform_xpath>/mvc:eForm/mvc:Data/mvc:formData/mvc:pv_requestStatus</xform_xpath>
		</fm:action>
		<transform_xpath>/mvc:eForm/mvc:Data/WorkitemContext/Process/ProcessVariables/requestStatus</transform_xpath>
		<description />
	</element>
	<element name="pv_requestStatusDate">
		<fm:action name="saveNewForm" xmlns:fm="http://www.hyfinity.com/formmaker">
			<xform_xpath>/mvc:eForm/mvc:Data/FORM_DATA/DOCUMENT/PROCESS_VARIABLE/requestStatusDate</xform_xpath>
			<xform_xpath>/mvc:eForm/mvc:Data/WorkitemContext/Process/ProcessVariables/requestStatusDate</xform_xpath>
		</fm:action>
		<fm:action name="getRequestNumber" xmlns:fm="http://www.hyfinity.com/formmaker">
			<fm:xform_xpath>/mvc:eForm/mvc:Data/mvc:formData/mvc:pv_requestStatusDate</fm:xform_xpath>
		</fm:action>
		<transform_xpath>/mvc:eForm/mvc:Data/WorkitemContext/Process/ProcessVariables/requestStatusDate</transform_xpath>
		<description />
	</element>
	<element name="h_now">
		<fm:action name="saveNewForm" xmlns:fm="http://www.hyfinity.com/formmaker">
			<fm:xform_xpath>/mvc:eForm/mvc:Data/mvc:formData/mvc:h_now</fm:xform_xpath>
		</fm:action>
		<fm:action name="getRequestNumber" xmlns:fm="http://www.hyfinity.com/formmaker">
			<fm:xform_xpath>/mvc:eForm/mvc:Data/mvc:formData/mvc:h_now</fm:xform_xpath>
		</fm:action>
		<transform_xpath>/mvc:eForm/mvc:Data/mvc:formData/mvc:h_now</transform_xpath>
		<description />
	</element>
	<group name="layoutForResponse2" />
	<element name="h_definitionName">
		<fm:action name="saveNewForm" xmlns:fm="http://www.hyfinity.com/formmaker">
			<fm:xform_xpath>/mvc:eForm/mvc:Data/mvc:formData/mvc:h_definitionName</fm:xform_xpath>
		</fm:action>
		<fm:action name="getRequestNumber" xmlns:fm="http://www.hyfinity.com/formmaker">
			<fm:xform_xpath>/mvc:eForm/mvc:Data/mvc:formData/mvc:h_definitionName</fm:xform_xpath>
		</fm:action>
		<fm:action name="saveTabContent" xmlns:fm="http://www.hyfinity.com/formmaker" />
		<transform_xpath>/mvc:eForm/mvc:Data/WorkitemContext/Process/ProcessDefinitionName</transform_xpath>
		<description />
	</element>
	<element name="pv_CancelReason">
		<fm:action name="saveNewForm" xmlns:fm="http://www.hyfinity.com/formmaker">
			<xform_xpath>/mvc:eForm/mvc:Data/WorkitemContext/Process/ProcessVariables/cancelReason</xform_xpath>
		</fm:action>
		<fm:action name="getRequestNumber" xmlns:fm="http://www.hyfinity.com/formmaker">
			<fm:xform_xpath>/mvc:eForm/mvc:Data/mvc:formData/mvc:pv_CancelReason</fm:xform_xpath>
		</fm:action>
		<fm:action name="saveTabContent" xmlns:fm="http://www.hyfinity.com/formmaker" />
		<transform_xpath>/mvc:eForm/mvc:Data/mvc:formData/mvc:pv_CancelReason</transform_xpath>
		<description />
	</element>
	<element name="pv_alertMessage">
		<fm:action name="saveNewForm" xmlns:fm="http://www.hyfinity.com/formmaker">
			<xform_xpath>/mvc:eForm/mvc:Data/WorkitemContext/Process/ProcessVariables/alertMessage</xform_xpath>
		</fm:action>
		<fm:action name="getRequestNumber" xmlns:fm="http://www.hyfinity.com/formmaker">
			<xform_xpath>/mvc:eForm/mvc:Data/WorkitemContext/Process/ProcessVariables/alertMessage</xform_xpath>
		</fm:action>
		<fm:action name="saveTabContent" xmlns:fm="http://www.hyfinity.com/formmaker" />
		<transform_xpath>/mvc:eForm/mvc:Data/WorkitemContext/Process/ProcessVariables/alertMessage</transform_xpath>
		<description />
	</element>
	<element name="h_readOnly">
		<fm:action name="saveNewForm" xmlns:fm="http://www.hyfinity.com/formmaker">
			<fm:xform_xpath>/mvc:eForm/mvc:Data/mvc:formData/mvc:h_readOnly</fm:xform_xpath>
		</fm:action>
		<fm:action name="getRequestNumber" xmlns:fm="http://www.hyfinity.com/formmaker">
			<fm:xform_xpath>/mvc:eForm/mvc:Data/mvc:formData/mvc:h_readOnly</fm:xform_xpath>
		</fm:action>
		<fm:action name="saveTabContent" xmlns:fm="http://www.hyfinity.com/formmaker" />
		<transform_xpath>/mvc:eForm/mvc:Control/mvc:readOnly
</transform_xpath>
		<description />
	</element>
	<element name="h_currentTabID">
		<fm:action name="saveNewForm" xmlns:fm="http://www.hyfinity.com/formmaker">
			<xform_xpath>/mvc:eForm/mvc:Control/mvc:currentTabID</xform_xpath>
		</fm:action>
		<fm:action name="getRequestNumber" xmlns:fm="http://www.hyfinity.com/formmaker">
			<fm:xform_xpath>/mvc:eForm/mvc:Data/mvc:formData/mvc:h_currentTabID</fm:xform_xpath>
		</fm:action>
		<fm:action name="saveTabContent" xmlns:fm="http://www.hyfinity.com/formmaker" />
		<transform_xpath>/mvc:eForm/mvc:Control/mvc:currentTabID</transform_xpath>
		<description />
	</element>
	<element name="h_hhs_usergroupString">
		<fm:action name="saveNewForm" xmlns:fm="http://www.hyfinity.com/formmaker">
			<xform_xpath>/mvc:eForm/mvc:Data/mvc:formData/mvc:h_hhs_usergroupString</xform_xpath>
		</fm:action>
		<fm:action name="getRequestNumber" xmlns:fm="http://www.hyfinity.com/formmaker">
			<fm:xform_xpath>/mvc:eForm/mvc:Data/mvc:formData/mvc:h_hhs_usergroupString</fm:xform_xpath>
		</fm:action>
		<fm:action name="saveTabContent" xmlns:fm="http://www.hyfinity.com/formmaker" />
		<transform_xpath>/mvc:eForm/mvc:Data/hhs_usergroupString</transform_xpath>
		<description />
	</element>
	<group name="actionButton_Activity2" />
	<element name="button_SubmitToHiringManager">
		<description />
		<fm:transform_xpath xmlns:fm="http://www.hyfinity.com/formmaker">/mvc:eForm/mvc:Data/mvc:formData/mvc:button_SubmitToHiringManager</fm:transform_xpath>
		<fm:action name="saveNewForm" xmlns:fm="http://www.hyfinity.com/formmaker">
			<fm:xform_xpath>/mvc:eForm/mvc:Data/mvc:formData/mvc:button_SubmitToHiringManager</fm:xform_xpath>
		</fm:action>
		<fm:action name="getRequestNumber" xmlns:fm="http://www.hyfinity.com/formmaker">
			<fm:xform_xpath>/mvc:eForm/mvc:Data/mvc:formData/mvc:button_SubmitToHiringManager</fm:xform_xpath>
		</fm:action>
		<fm:action name="saveTabContent" xmlns:fm="http://www.hyfinity.com/formmaker" />
	</element>
	<element name="h_formData">
		<fm:action name="saveNewForm" xmlns:fm="http://www.hyfinity.com/formmaker">
			<xform_xpath>/mvc:eForm/mvc:Data/mvc:formData/mvc:h_formData</xform_xpath>
		</fm:action>
		<fm:action name="getRequestNumber" xmlns:fm="http://www.hyfinity.com/formmaker">
			<xform_xpath>/mvc:eForm/mvc:Data/mvc:formData/mvc:h_formData</xform_xpath>
		</fm:action>
		<fm:action name="saveTabContent" xmlns:fm="http://www.hyfinity.com/formmaker" />
		<transform_xpath>/mvc:eForm/mvc:Data/FORM_DATA/FIELD_DATA_CLOB</transform_xpath>
		<description />
	</element>
	<group name="tab9" />
	<group name="partial_tab9" />
	<group name="tab3" />
	<group name="partial_tab3" />
	<element name="isarchive">
		<fm:action name="saveNewForm" xmlns:fm="http://www.hyfinity.com/formmaker">
			<xform_xpath>enter_xpath_here</xform_xpath>
		</fm:action>
		<fm:action name="getRequestNumber" xmlns:fm="http://www.hyfinity.com/formmaker">
			<xform_xpath>enter_xpath_here</xform_xpath>
		</fm:action>
		<fm:action name="saveTabContent" xmlns:fm="http://www.hyfinity.com/formmaker" />
		<transform_xpath>/mvc:eForm/mvc:Control/mvc:isarchive</transform_xpath>
		<description />
	</element>
	<element name="sessioninfo">
		<fm:action name="saveNewForm" xmlns:fm="http://www.hyfinity.com/formmaker">
			<xform_xpath>enter_xpath_here</xform_xpath>
		</fm:action>
		<fm:action name="getRequestNumber" xmlns:fm="http://www.hyfinity.com/formmaker">
			<xform_xpath>enter_xpath_here</xform_xpath>
		</fm:action>
		<fm:action name="saveTabContent" xmlns:fm="http://www.hyfinity.com/formmaker" />
		<transform_xpath>/mvc:eForm/mvc:Data/WorkitemContext/SessionInfoXML</transform_xpath>
		<description />
	</element>
	<element name="isarchive2">
		<fm:transform_xpath xmlns:fm="http://www.hyfinity.com/formmaker">/mvc:eForm/mvc:Data/mvc:formData/mvc:isarchive2</fm:transform_xpath>
		<fm:action name="saveNewForm" xmlns:fm="http://www.hyfinity.com/formmaker">
			<xform_xpath>enter_xpath_here</xform_xpath>
		</fm:action>
		<fm:action name="getRequestNumber" xmlns:fm="http://www.hyfinity.com/formmaker">
			<xform_xpath>enter_xpath_here</xform_xpath>
		</fm:action>
		<fm:action name="saveTabContent" xmlns:fm="http://www.hyfinity.com/formmaker" />
	</element>
	<element name="appseq2">
		<fm:transform_xpath xmlns:fm="http://www.hyfinity.com/formmaker">/mvc:eForm/mvc:Data/mvc:formData/mvc:appseq2</fm:transform_xpath>
		<fm:action name="saveNewForm" xmlns:fm="http://www.hyfinity.com/formmaker">
			<xform_xpath>enter_xpath_here</xform_xpath>
		</fm:action>
		<fm:action name="getRequestNumber" xmlns:fm="http://www.hyfinity.com/formmaker">
			<xform_xpath>enter_xpath_here</xform_xpath>
		</fm:action>
		<fm:action name="saveTabContent" xmlns:fm="http://www.hyfinity.com/formmaker" />
	</element>
	<element name="appseq">
		<fm:action name="saveNewForm" xmlns:fm="http://www.hyfinity.com/formmaker">
			<xform_xpath>enter_xpath_here</xform_xpath>
		</fm:action>
		<fm:action name="getRequestNumber" xmlns:fm="http://www.hyfinity.com/formmaker">
			<xform_xpath>enter_xpath_here</xform_xpath>
		</fm:action>
		<fm:action name="saveTabContent" xmlns:fm="http://www.hyfinity.com/formmaker" />
		<transform_xpath>/mvc:eForm/mvc:Control/mvc:appseq</transform_xpath>
		<description />
	</element>
	<element name="workseq2">
		<fm:transform_xpath xmlns:fm="http://www.hyfinity.com/formmaker">/mvc:eForm/mvc:Data/mvc:formData/mvc:workseq2</fm:transform_xpath>
		<fm:action name="saveNewForm" xmlns:fm="http://www.hyfinity.com/formmaker">
			<xform_xpath>enter_xpath_here</xform_xpath>
		</fm:action>
		<fm:action name="getRequestNumber" xmlns:fm="http://www.hyfinity.com/formmaker">
			<xform_xpath>enter_xpath_here</xform_xpath>
		</fm:action>
		<fm:action name="saveTabContent" xmlns:fm="http://www.hyfinity.com/formmaker" />
	</element>
	<element name="workseq">
		<fm:action name="saveNewForm" xmlns:fm="http://www.hyfinity.com/formmaker">
			<xform_xpath>enter_xpath_here</xform_xpath>
		</fm:action>
		<fm:action name="getRequestNumber" xmlns:fm="http://www.hyfinity.com/formmaker">
			<xform_xpath>enter_xpath_here</xform_xpath>
		</fm:action>
		<fm:action name="saveTabContent" xmlns:fm="http://www.hyfinity.com/formmaker" />
		<transform_xpath>/mvc:eForm/mvc:Control/mvc:workseq</transform_xpath>
		<description />
	</element>
	<element name="actseq2">
		<fm:transform_xpath xmlns:fm="http://www.hyfinity.com/formmaker">/mvc:eForm/mvc:Data/mvc:formData/mvc:actseq2</fm:transform_xpath>
		<fm:action name="saveNewForm" xmlns:fm="http://www.hyfinity.com/formmaker">
			<xform_xpath>enter_xpath_here</xform_xpath>
		</fm:action>
		<fm:action name="getRequestNumber" xmlns:fm="http://www.hyfinity.com/formmaker">
			<xform_xpath>enter_xpath_here</xform_xpath>
		</fm:action>
		<fm:action name="saveTabContent" xmlns:fm="http://www.hyfinity.com/formmaker" />
	</element>
	<element name="actseq">
		<fm:action name="saveNewForm" xmlns:fm="http://www.hyfinity.com/formmaker">
			<xform_xpath>enter_xpath_here</xform_xpath>
		</fm:action>
		<fm:action name="getRequestNumber" xmlns:fm="http://www.hyfinity.com/formmaker">
			<xform_xpath>enter_xpath_here</xform_xpath>
		</fm:action>
		<fm:action name="saveTabContent" xmlns:fm="http://www.hyfinity.com/formmaker" />
		<transform_xpath>/mvc:eForm/mvc:Control/mvc:actseq</transform_xpath>
		<description />
	</element>
	<element name="procid2">
		<fm:transform_xpath xmlns:fm="http://www.hyfinity.com/formmaker">/mvc:eForm/mvc:Data/mvc:formData/mvc:procid2</fm:transform_xpath>
		<fm:action name="saveNewForm" xmlns:fm="http://www.hyfinity.com/formmaker">
			<xform_xpath>enter_xpath_here</xform_xpath>
		</fm:action>
		<fm:action name="getRequestNumber" xmlns:fm="http://www.hyfinity.com/formmaker">
			<xform_xpath>enter_xpath_here</xform_xpath>
		</fm:action>
		<fm:action name="saveTabContent" xmlns:fm="http://www.hyfinity.com/formmaker" />
	</element>
	<element name="procid">
		<fm:action name="saveNewForm" xmlns:fm="http://www.hyfinity.com/formmaker">
			<xform_xpath>enter_xpath_here</xform_xpath>
		</fm:action>
		<fm:action name="getRequestNumber" xmlns:fm="http://www.hyfinity.com/formmaker">
			<xform_xpath>enter_xpath_here</xform_xpath>
		</fm:action>
		<fm:action name="saveTabContent" xmlns:fm="http://www.hyfinity.com/formmaker" />
		<transform_xpath>/mvc:eForm/mvc:Control/mvc:procid</transform_xpath>
		<description />
	</element>
	<element name="sessioninfo2">
		<fm:transform_xpath xmlns:fm="http://www.hyfinity.com/formmaker">/mvc:eForm/mvc:Data/mvc:formData/mvc:sessioninfo2</fm:transform_xpath>
		<fm:action name="saveNewForm" xmlns:fm="http://www.hyfinity.com/formmaker">
			<xform_xpath>enter_xpath_here</xform_xpath>
		</fm:action>
		<fm:action name="getRequestNumber" xmlns:fm="http://www.hyfinity.com/formmaker">
			<xform_xpath>enter_xpath_here</xform_xpath>
		</fm:action>
		<fm:action name="saveTabContent" xmlns:fm="http://www.hyfinity.com/formmaker" />
	</element>
	<element name="readOnly2">
		<fm:transform_xpath xmlns:fm="http://www.hyfinity.com/formmaker">/mvc:eForm/mvc:Data/mvc:formData/mvc:readOnly2</fm:transform_xpath>
		<fm:action name="saveNewForm" xmlns:fm="http://www.hyfinity.com/formmaker">
			<fm:xform_xpath>/mvc:eForm/mvc:Data/mvc:formData/mvc:readOnly2</fm:xform_xpath>
		</fm:action>
		<fm:action name="getRequestNumber" xmlns:fm="http://www.hyfinity.com/formmaker">
			<fm:xform_xpath>/mvc:eForm/mvc:Data/mvc:formData/mvc:readOnly2</fm:xform_xpath>
		</fm:action>
		<fm:action name="saveTabContent" xmlns:fm="http://www.hyfinity.com/formmaker" />
	</element>
	<element name="readOnly">
		<fm:action name="saveNewForm" xmlns:fm="http://www.hyfinity.com/formmaker">
			<fm:xform_xpath>/mvc:eForm/mvc:Data/mvc:formData/mvc:readOnly</fm:xform_xpath>
		</fm:action>
		<fm:action name="getRequestNumber" xmlns:fm="http://www.hyfinity.com/formmaker">
			<fm:xform_xpath>/mvc:eForm/mvc:Data/mvc:formData/mvc:readOnly</fm:xform_xpath>
		</fm:action>
		<fm:action name="saveTabContent" xmlns:fm="http://www.hyfinity.com/formmaker" />
		<transform_xpath>/mvc:eForm/mvc:Control/mvc:readOnly</transform_xpath>
		<description />
	</element>
	<element name="readOnly">
		<transform_xpath>enter_xpath_here</transform_xpath>
		<fm:action name="saveNewForm" xmlns:fm="http://www.hyfinity.com/formmaker">
			<xform_xpath>enter_xpath_here</xform_xpath>
		</fm:action>
		<fm:action name="getRequestNumber" xmlns:fm="http://www.hyfinity.com/formmaker">
			<xform_xpath>enter_xpath_here</xform_xpath>
		</fm:action>
		<fm:action name="saveTabContent" xmlns:fm="http://www.hyfinity.com/formmaker" />
	</element>
	<group name="hidden_group" />
	<group name="actionButton_Activity3" />
	<element name="button_Submit">
		<description />
		<fm:transform_xpath xmlns:fm="http://www.hyfinity.com/formmaker">/mvc:eForm/mvc:Data/mvc:formData/mvc:button_Submit</fm:transform_xpath>
		<fm:action name="saveNewForm" xmlns:fm="http://www.hyfinity.com/formmaker">
			<fm:xform_xpath>/mvc:eForm/mvc:Data/mvc:formData/mvc:button_Submit</fm:xform_xpath>
		</fm:action>
		<fm:action name="getRequestNumber" xmlns:fm="http://www.hyfinity.com/formmaker">
			<fm:xform_xpath>/mvc:eForm/mvc:Data/mvc:formData/mvc:button_Submit</fm:xform_xpath>
		</fm:action>
		<fm:action name="saveTabContent" xmlns:fm="http://www.hyfinity.com/formmaker" />
	</element>
	<group name="tab4" />
	<group name="partial_tab4" />
	<group name="actionButton_Activity5" />
	<element name="button_EndClassification">
		<description />
		<fm:transform_xpath xmlns:fm="http://www.hyfinity.com/formmaker">/mvc:eForm/mvc:Data/mvc:formData/mvc:button_EndClassification</fm:transform_xpath>
		<fm:action name="saveNewForm" xmlns:fm="http://www.hyfinity.com/formmaker">
			<fm:xform_xpath>/mvc:eForm/mvc:Data/mvc:formData/mvc:button_EndClassification</fm:xform_xpath>
		</fm:action>
		<fm:action name="getRequestNumber" xmlns:fm="http://www.hyfinity.com/formmaker">
			<fm:xform_xpath>/mvc:eForm/mvc:Data/mvc:formData/mvc:button_EndClassification</fm:xform_xpath>
		</fm:action>
		<fm:action name="saveTabContent" xmlns:fm="http://www.hyfinity.com/formmaker" />
	</element>
	<element name="pv_returnToHr">
		<fm:action name="saveNewForm" xmlns:fm="http://www.hyfinity.com/formmaker">
			<xform_xpath>/mvc:eForm/mvc:Data/WorkitemContext/Process/ProcessVariables/returnToHr</xform_xpath>
		</fm:action>
		<fm:action name="getRequestNumber" xmlns:fm="http://www.hyfinity.com/formmaker">
			<xform_xpath>/mvc:eForm/mvc:Data/mvc:formData/mvc:pv_returnToHr</xform_xpath>
		</fm:action>
		<fm:action name="saveTabContent" xmlns:fm="http://www.hyfinity.com/formmaker" />
		<transform_xpath>/mvc:eForm/mvc:Data/WorkitemContext/Process/ProcessVariables/returnToHr</transform_xpath>
		<description />
	</element>
	<element name="h_hardStopRequired">
		<fm:transform_xpath xmlns:fm="http://www.hyfinity.com/formmaker">/mvc:eForm/mvc:Data/mvc:formData/mvc:h_hardStopRequired</fm:transform_xpath>
		<fm:action name="saveNewForm" xmlns:fm="http://www.hyfinity.com/formmaker">
			<fm:xform_xpath>/mvc:eForm/mvc:Data/mvc:formData/mvc:h_hardStopRequired</fm:xform_xpath>
		</fm:action>
		<fm:action name="getRequestNumber" xmlns:fm="http://www.hyfinity.com/formmaker">
			<fm:xform_xpath>/mvc:eForm/mvc:Data/mvc:formData/mvc:h_hardStopRequired</fm:xform_xpath>
		</fm:action>
		<fm:action name="saveTabContent" xmlns:fm="http://www.hyfinity.com/formmaker" />
	</element>
	<element name="button_Return" />
	<element name="button_StartRecruitment" />
	<element name="button_StartAppointment">
		<fm:transform_xpath xmlns:fm="http://www.hyfinity.com/formmaker">/mvc:eForm/mvc:Data/mvc:formData/mvc:button_StartAppointment</fm:transform_xpath>
		<fm:action name="saveNewForm" xmlns:fm="http://www.hyfinity.com/formmaker">
			<fm:xform_xpath>/mvc:eForm/mvc:Data/mvc:formData/mvc:button_StartAppointment</fm:xform_xpath>
		</fm:action>
		<fm:action name="getRequestNumber" xmlns:fm="http://www.hyfinity.com/formmaker">
			<fm:xform_xpath>/mvc:eForm/mvc:Data/mvc:formData/mvc:button_StartAppointment</fm:xform_xpath>
		</fm:action>
		<fm:action name="saveTabContent" xmlns:fm="http://www.hyfinity.com/formmaker" />
	</element>
	<element name="pv_RequestType">
		<fm:action name="saveNewForm" xmlns:fm="http://www.hyfinity.com/formmaker">
			<xform_xpath>/mvc:eForm/mvc:Data/WorkitemContext/Process/ProcessVariables/returnToHr</xform_xpath>
		</fm:action>
		<fm:action name="getRequestNumber" xmlns:fm="http://www.hyfinity.com/formmaker">
			<fm:xform_xpath>/mvc:eForm/mvc:Data/mvc:formData/mvc:pv_RequestType</fm:xform_xpath>
		</fm:action>
		<fm:action name="saveTabContent" xmlns:fm="http://www.hyfinity.com/formmaker" />
		<transform_xpath>/mvc:eForm/mvc:Data/WorkitemContext/Process/ProcessVariables/requestType</transform_xpath>
		<description />
	</element>
	<element name="button_Return_CIO_Admin">
		<fm:transform_xpath xmlns:fm="http://www.hyfinity.com/formmaker">/mvc:eForm/mvc:Data/mvc:formData/mvc:button_Return_CIO_Admin</fm:transform_xpath>
		<fm:action name="saveNewForm" xmlns:fm="http://www.hyfinity.com/formmaker">
			<fm:xform_xpath>/mvc:eForm/mvc:Data/mvc:formData/mvc:button_Return_CIO_Admin</fm:xform_xpath>
		</fm:action>
		<fm:action name="getRequestNumber" xmlns:fm="http://www.hyfinity.com/formmaker">
			<fm:xform_xpath>/mvc:eForm/mvc:Data/mvc:formData/mvc:button_Return_CIO_Admin</fm:xform_xpath>
		</fm:action>
		<fm:action name="saveTabContent" xmlns:fm="http://www.hyfinity.com/formmaker" />
	</element>
	<element name="pv_returnToCIOAdmin">
		<fm:action name="saveNewForm" xmlns:fm="http://www.hyfinity.com/formmaker">
			<xform_xpath>/mvc:eForm/mvc:Data/WorkitemContext/Process/ProcessVariables/returnToCIOAdmin</xform_xpath>
		</fm:action>
		<fm:action name="getRequestNumber" xmlns:fm="http://www.hyfinity.com/formmaker">
			<xform_xpath>/mvc:eForm/mvc:Data/mvc:formData/mvc:pv_returnToCIOAdmin</xform_xpath>
		</fm:action>
		<fm:action name="saveTabContent" xmlns:fm="http://www.hyfinity.com/formmaker" />
		<transform_xpath>/mvc:eForm/mvc:Data/WorkitemContext/Process/ProcessVariables/returnToCIOAdmin</transform_xpath>
		<description />
	</element>
	<element name="h_currentUserRoles">
		<fm:action name="saveNewForm" xmlns:fm="http://www.hyfinity.com/formmaker">
			<fm:xform_xpath>/mvc:eForm/mvc:Data/mvc:formData/mvc:h_currentUserRoles</fm:xform_xpath>
		</fm:action>
		<fm:action name="getRequestNumber" xmlns:fm="http://www.hyfinity.com/formmaker">
			<xform_xpath>enter_xpath_here</xform_xpath>
		</fm:action>
		<fm:action name="saveTabContent" xmlns:fm="http://www.hyfinity.com/formmaker" />
		<transform_xpath>/mvc:eForm/mvc:Data/current_user_roles</transform_xpath>
		<description />
	</element>
	<group name="layout_group_header_1" />
	<group name="title" />
	<group name="layout_group_header_2" />
	<element name="image">
		<fm:action name="getRequestNumber" xmlns:fm="http://www.hyfinity.com/formmaker">
			<fm:xform_xpath>/mvc:eForm/mvc:Data/mvc:formData/mvc:image</fm:xform_xpath>
		</fm:action>
		<fm:action name="saveNewForm" xmlns:fm="http://www.hyfinity.com/formmaker">
			<fm:xform_xpath>/mvc:eForm/mvc:Data/mvc:formData/mvc:image</fm:xform_xpath>
		</fm:action>
		<fm:transform_xpath xmlns:fm="http://www.hyfinity.com/formmaker">/mvc:eForm/mvc:Data/mvc:formData/mvc:image</fm:transform_xpath>
	</element>
	<element name="formTitle">
		<fm:action name="getRequestNumber" xmlns:fm="http://www.hyfinity.com/formmaker">
			<fm:xform_xpath>/mvc:eForm/mvc:Data/mvc:formData/mvc:formTitle</fm:xform_xpath>
		</fm:action>
		<fm:action name="saveNewForm" xmlns:fm="http://www.hyfinity.com/formmaker">
			<fm:xform_xpath>/mvc:eForm/mvc:Data/mvc:formData/mvc:formTitle</fm:xform_xpath>
		</fm:action>
		<fm:transform_xpath xmlns:fm="http://www.hyfinity.com/formmaker">/mvc:eForm/mvc:Data/mvc:formData/mvc:formTitle</fm:transform_xpath>
		<description />
	</element>
	<element name="caseId">
		<fm:action name="getRequestNumber" xmlns:fm="http://www.hyfinity.com/formmaker">
			<fm:xform_xpath>/mvc:eForm/mvc:Data/mvc:formData/mvc:caseId</fm:xform_xpath>
		</fm:action>
		<fm:action name="saveNewForm" xmlns:fm="http://www.hyfinity.com/formmaker">
			<fm:xform_xpath>/mvc:eForm/mvc:Data/mvc:formData/mvc:caseId</fm:xform_xpath>
		</fm:action>
		<transform_xpath>concat('case id:', /mvc:eForm/mvc:Data/WorkitemContext/Process/ID)</transform_xpath>
		<description />
	</element>
	<element name="requestNumber">
		<fm:action name="getRequestNumber" xmlns:fm="http://www.hyfinity.com/formmaker">
			<fm:xform_xpath>/mvc:eForm/mvc:Data/mvc:formData/mvc:requestNumber</fm:xform_xpath>
		</fm:action>
		<fm:action name="saveNewForm" xmlns:fm="http://www.hyfinity.com/formmaker">
			<fm:xform_xpath>/mvc:eForm/mvc:Data/mvc:formData/mvc:requestNumber</fm:xform_xpath>
		</fm:action>
		<transform_xpath>/mvc:eForm/mvc:Data/WorkitemContext/Process/ProcessVariables/jobRequestNumber</transform_xpath>
		<description />
	</element>
	<element name="initiatedDate">
		<fm:action name="getRequestNumber" xmlns:fm="http://www.hyfinity.com/formmaker">
			<fm:xform_xpath>/mvc:eForm/mvc:Data/mvc:formData/mvc:initiatedDate</fm:xform_xpath>
		</fm:action>
		<fm:action name="saveNewForm" xmlns:fm="http://www.hyfinity.com/formmaker">
			<fm:xform_xpath>/mvc:eForm/mvc:Data/mvc:formData/mvc:initiatedDate</fm:xform_xpath>
		</fm:action>
		<fm:transform_xpath xmlns:fm="http://www.hyfinity.com/formmaker">/mvc:eForm/mvc:Data/mvc:formData/mvc:initiatedDate</fm:transform_xpath>
		<description />
	</element>
	<element name="requestType">
		<fm:action name="getRequestNumber" xmlns:fm="http://www.hyfinity.com/formmaker">
			<fm:xform_xpath>/mvc:eForm/mvc:Data/mvc:formData/mvc:requestType</fm:xform_xpath>
		</fm:action>
		<fm:action name="saveNewForm" xmlns:fm="http://www.hyfinity.com/formmaker">
			<fm:xform_xpath>/mvc:eForm/mvc:Data/mvc:formData/mvc:requestType</fm:xform_xpath>
		</fm:action>
		<transform_xpath>/mvc:eForm/mvc:Data/WorkitemContext/Process/ProcessVariables/requestType</transform_xpath>
		<description />
	</element>
	<element name="initiatorName">
		<fm:action name="getRequestNumber" xmlns:fm="http://www.hyfinity.com/formmaker">
			<fm:xform_xpath>/mvc:eForm/mvc:Data/mvc:formData/mvc:initiatorName</fm:xform_xpath>
		</fm:action>
		<fm:action name="saveNewForm" xmlns:fm="http://www.hyfinity.com/formmaker">
			<fm:xform_xpath>/mvc:eForm/mvc:Data/mvc:formData/mvc:initiatorName</fm:xform_xpath>
		</fm:action>
		<transform_xpath>/mvc:eForm/mvc:Data/WorkitemContext/Process/InitiatorName</transform_xpath>
		<description />
	</element>
	<element name="output_requestStatus">
		<fm:action name="getRequestNumber" xmlns:fm="http://www.hyfinity.com/formmaker">
			<fm:xform_xpath>/mvc:eForm/mvc:Data/mvc:formData/mvc:output_requestStatus</fm:xform_xpath>
		</fm:action>
		<fm:action name="saveNewForm" xmlns:fm="http://www.hyfinity.com/formmaker">
			<fm:xform_xpath>/mvc:eForm/mvc:Data/mvc:formData/mvc:output_requestStatus</fm:xform_xpath>
		</fm:action>
		<transform_xpath>/mvc:eForm/mvc:Data/WorkitemContext/Process/ProcessVariables/requestStatus</transform_xpath>
		<description />
	</element>
	<element name="pv_requestType">
		<fm:action name="saveNewForm" xmlns:fm="http://www.hyfinity.com/formmaker">
			<xform_xpath>/mvc:eForm/mvc:Data/WorkitemContext/Process/ProcessVariables/requestType</xform_xpath>
		</fm:action>
		<fm:action name="getRequestNumber" xmlns:fm="http://www.hyfinity.com/formmaker">
			<xform_xpath>/mvc:eForm/mvc:Data/WorkitemContext/Process/ProcessVariables/requestType</xform_xpath>
		</fm:action>
		<fm:action name="saveTabContent" xmlns:fm="http://www.hyfinity.com/formmaker" />
		<transform_xpath>/mvc:eForm/mvc:Data/WorkitemContext/Process/ProcessVariables/requestType</transform_xpath>
		<description />
	</element>
	<element name="pv_hroSpecialist">
		<fm:action name="saveNewForm" xmlns:fm="http://www.hyfinity.com/formmaker">
			<xform_xpath>/mvc:eForm/mvc:Data/WorkitemContext/Process/ProcessVariables/hroSpecialist</xform_xpath>
		</fm:action>
		<fm:action name="getRequestNumber" xmlns:fm="http://www.hyfinity.com/formmaker">
			<xform_xpath>/mvc:eForm/mvc:Data/WorkitemContext/Process/ProcessVariables/hroSpecialist</xform_xpath>
		</fm:action>
		<fm:action name="saveTabContent" xmlns:fm="http://www.hyfinity.com/formmaker" />
		<transform_xpath>/mvc:eForm/mvc:Data/WorkitemContext/Process/ProcessVariables/hroSpecialist</transform_xpath>
		<description />
	</element>
	<element name="pv_cioAdminPOC">
		<fm:action name="saveNewForm" xmlns:fm="http://www.hyfinity.com/formmaker">
			<xform_xpath>/mvc:eForm/mvc:Data/WorkitemContext/Process/ProcessVariables/cioAdminPOC</xform_xpath>
		</fm:action>
		<fm:action name="getRequestNumber" xmlns:fm="http://www.hyfinity.com/formmaker">
			<xform_xpath>/mvc:eForm/mvc:Data/WorkitemContext/Process/ProcessVariables/cioAdminPOC</xform_xpath>
		</fm:action>
		<fm:action name="saveTabContent" xmlns:fm="http://www.hyfinity.com/formmaker" />
		<transform_xpath>/mvc:eForm/mvc:Data/WorkitemContext/Process/ProcessVariables/cioAdminPOC</transform_xpath>
		<description />
	</element>
	<element name="pv_selectOfficial">
		<fm:action name="saveNewForm" xmlns:fm="http://www.hyfinity.com/formmaker">
			<xform_xpath>/mvc:eForm/mvc:Data/WorkitemContext/Process/ProcessVariables/selectOfficial</xform_xpath>
		</fm:action>
		<fm:action name="getRequestNumber" xmlns:fm="http://www.hyfinity.com/formmaker">
			<xform_xpath>/mvc:eForm/mvc:Data/WorkitemContext/Process/ProcessVariables/selectOfficial</xform_xpath>
		</fm:action>
		<fm:action name="saveTabContent" xmlns:fm="http://www.hyfinity.com/formmaker" />
		<transform_xpath>/mvc:eForm/mvc:Data/WorkitemContext/Process/ProcessVariables/selectOfficial</transform_xpath>
		<description />
	</element>
	<element name="pv_classSpecialist">
		<fm:action name="saveNewForm" xmlns:fm="http://www.hyfinity.com/formmaker">
			<xform_xpath>/mvc:eForm/mvc:Data/WorkitemContext/Process/ProcessVariables/classSpecialist</xform_xpath>
		</fm:action>
		<fm:action name="getRequestNumber" xmlns:fm="http://www.hyfinity.com/formmaker">
			<xform_xpath>/mvc:eForm/mvc:Data/WorkitemContext/Process/ProcessVariables/classSpecialist</xform_xpath>
		</fm:action>
		<fm:action name="saveTabContent" xmlns:fm="http://www.hyfinity.com/formmaker" />
		<transform_xpath>/mvc:eForm/mvc:Data/WorkitemContext/Process/ProcessVariables/classSpecialist</transform_xpath>
		<description />
	</element>
	<element name="pv_hiringMethod">
		<fm:action name="saveNewForm" xmlns:fm="http://www.hyfinity.com/formmaker">
			<xform_xpath>/mvc:eForm/mvc:Data/WorkitemContext/Process/ProcessVariables/hiringMethod</xform_xpath>
		</fm:action>
		<fm:action name="getRequestNumber" xmlns:fm="http://www.hyfinity.com/formmaker">
			<xform_xpath>/mvc:eForm/mvc:Data/WorkitemContext/Process/ProcessVariables/hiringMethod</xform_xpath>
		</fm:action>
		<fm:action name="saveTabContent" xmlns:fm="http://www.hyfinity.com/formmaker" />
		<transform_xpath>/mvc:eForm/mvc:Data/WorkitemContext/Process/ProcessVariables/hiringMethod</transform_xpath>
		<description />
	</element>
	<element name="pv_higherSupervisor">
		<fm:action name="saveNewForm" xmlns:fm="http://www.hyfinity.com/formmaker">
			<xform_xpath>/mvc:eForm/mvc:Data/WorkitemContext/Process/ProcessVariables/higherSupervisor</xform_xpath>
		</fm:action>
		<fm:action name="getRequestNumber" xmlns:fm="http://www.hyfinity.com/formmaker">
			<xform_xpath>/mvc:eForm/mvc:Data/WorkitemContext/Process/ProcessVariables/higherSupervisor</xform_xpath>
		</fm:action>
		<fm:action name="saveTabContent" xmlns:fm="http://www.hyfinity.com/formmaker" />
		<transform_xpath>/mvc:eForm/mvc:Data/WorkitemContext/Process/ProcessVariables/higherSupervisor</transform_xpath>
		<description />
	</element>
</xforms>
