<?xml version="1.0" encoding="UTF-8"?>
<xforms xmlns:mvc="http://www.hyfinity.com/mvc" xmlns="http://www.hyfinity.com/formmaker">
	<instance_configuration />
	<page />
	<group name="group_vacancy" />
	<element name="VIN">
		<fm:transform_xpath xmlns:fm="http://www.hyfinity.com/formmaker">/mvc:eForm/mvc:Data/mvc:formData/mvc:VIN</fm:transform_xpath>
		<fm:action name="vacancy" xmlns:fm="http://www.hyfinity.com/formmaker">
			<fm:xform_xpath>/mvc:eForm/mvc:Data/mvc:formData/mvc:VIN</fm:xform_xpath>
		</fm:action>
	</element>
	<element name="VAN">
		<fm:transform_xpath xmlns:fm="http://www.hyfinity.com/formmaker">/mvc:eForm/mvc:Data/mvc:formData/mvc:VAN</fm:transform_xpath>
		<fm:action name="vacancy" xmlns:fm="http://www.hyfinity.com/formmaker">
			<fm:xform_xpath>/mvc:eForm/mvc:Data/mvc:formData/mvc:VAN</fm:xform_xpath>
		</fm:action>
	</element>
	<group name="one_column_grid" />
	<group name="vac_row_1" />
	<element name="CERT_ANN_TYPE">
		<fm:transform_xpath xmlns:fm="http://www.hyfinity.com/formmaker">/mvc:eForm/mvc:Data/mvc:formData/mvc:CERT_ANN_TYPE</fm:transform_xpath>
		<fm:action name="vacancy" xmlns:fm="http://www.hyfinity.com/formmaker">
			<fm:xform_xpath>/mvc:eForm/mvc:Data/mvc:formData/mvc:CERT_ANN_TYPE</fm:xform_xpath>
		</fm:action>
	</element>
	<element name="CERT_NUM">
		<fm:transform_xpath xmlns:fm="http://www.hyfinity.com/formmaker">/mvc:eForm/mvc:Data/mvc:formData/mvc:CERT_NUM</fm:transform_xpath>
		<fm:action name="vacancy" xmlns:fm="http://www.hyfinity.com/formmaker">
			<fm:xform_xpath>/mvc:eForm/mvc:Data/mvc:formData/mvc:CERT_NUM</fm:xform_xpath>
		</fm:action>
	</element>
	<group name="vac_row_2" />
	<element name="USA_STAFFING">
		<fm:transform_xpath xmlns:fm="http://www.hyfinity.com/formmaker">/mvc:eForm/mvc:Data/mvc:formData/mvc:USA_STAFFING</fm:transform_xpath>
		<fm:action name="vacancy" xmlns:fm="http://www.hyfinity.com/formmaker">
			<fm:xform_xpath>/mvc:eForm/mvc:Data/mvc:formData/mvc:USA_STAFFING</fm:xform_xpath>
		</fm:action>
	</element>
	<group name="vac_row_3" />
	<element name="CERT_TYPE">
		<fm:transform_xpath xmlns:fm="http://www.hyfinity.com/formmaker">/mvc:eForm/mvc:Data/mvc:formData/mvc:CERT_TYPE</fm:transform_xpath>
		<fm:action name="vacancy" xmlns:fm="http://www.hyfinity.com/formmaker">
			<fm:xform_xpath>/mvc:eForm/mvc:Data/mvc:formData/mvc:CERT_TYPE</fm:xform_xpath>
		</fm:action>
	</element>
	<element name="DATE_CERT_ISS">
		<fm:transform_xpath xmlns:fm="http://www.hyfinity.com/formmaker">/mvc:eForm/mvc:Data/mvc:formData/mvc:DATE_CERT_ISS</fm:transform_xpath>
		<fm:action name="vacancy" xmlns:fm="http://www.hyfinity.com/formmaker">
			<fm:xform_xpath>/mvc:eForm/mvc:Data/mvc:formData/mvc:DATE_CERT_ISS</fm:xform_xpath>
		</fm:action>
	</element>
	<element name="DATE_CERT_SENT_SO">
		<fm:transform_xpath xmlns:fm="http://www.hyfinity.com/formmaker">/mvc:eForm/mvc:Data/mvc:formData/mvc:DATE_CERT_SENT_SO</fm:transform_xpath>
		<fm:action name="vacancy" xmlns:fm="http://www.hyfinity.com/formmaker">
			<fm:xform_xpath>/mvc:eForm/mvc:Data/mvc:formData/mvc:DATE_CERT_SENT_SO</fm:xform_xpath>
		</fm:action>
	</element>
	<element name="DATE_CERT_DUE">
		<fm:transform_xpath xmlns:fm="http://www.hyfinity.com/formmaker">/mvc:eForm/mvc:Data/mvc:formData/mvc:DATE_CERT_DUE</fm:transform_xpath>
		<fm:action name="vacancy" xmlns:fm="http://www.hyfinity.com/formmaker">
			<fm:xform_xpath>/mvc:eForm/mvc:Data/mvc:formData/mvc:DATE_CERT_DUE</fm:xform_xpath>
		</fm:action>
	</element>
	<group name="vac_row_4" />
	<group name="vac_row_5" />
	<element name="CERT_POS_TITLE">
		<fm:transform_xpath xmlns:fm="http://www.hyfinity.com/formmaker">/mvc:eForm/mvc:Data/mvc:formData/mvc:CERT_POS_TITLE</fm:transform_xpath>
		<fm:action name="vacancy" xmlns:fm="http://www.hyfinity.com/formmaker">
			<fm:xform_xpath>/mvc:eForm/mvc:Data/mvc:formData/mvc:CERT_POS_TITLE</fm:xform_xpath>
		</fm:action>
	</element>
	<element name="CERT_PAY_PLAN">
		<fm:transform_xpath xmlns:fm="http://www.hyfinity.com/formmaker">/mvc:eForm/mvc:Data/mvc:formData/mvc:CERT_PAY_PLAN</fm:transform_xpath>
		<fm:action name="vacancy" xmlns:fm="http://www.hyfinity.com/formmaker">
			<fm:xform_xpath>/mvc:eForm/mvc:Data/mvc:formData/mvc:CERT_PAY_PLAN</fm:xform_xpath>
		</fm:action>
	</element>
	<element name="VACANCY_STATUS">
		<fm:transform_xpath xmlns:fm="http://www.hyfinity.com/formmaker">/mvc:eForm/mvc:Data/mvc:formData/mvc:VACANCY_STATUS</fm:transform_xpath>
		<fm:action name="vacancy" xmlns:fm="http://www.hyfinity.com/formmaker">
			<fm:xform_xpath>/mvc:eForm/mvc:Data/mvc:formData/mvc:VACANCY_STATUS</fm:xform_xpath>
		</fm:action>
	</element>
	<group name="vac_row_11" />
	<element name="TOT_NUM_APP">
		<fm:transform_xpath xmlns:fm="http://www.hyfinity.com/formmaker">/mvc:eForm/mvc:Data/mvc:formData/mvc:TOT_NUM_APP</fm:transform_xpath>
		<fm:action name="vacancy" xmlns:fm="http://www.hyfinity.com/formmaker">
			<fm:xform_xpath>/mvc:eForm/mvc:Data/mvc:formData/mvc:TOT_NUM_APP</fm:xform_xpath>
		</fm:action>
	</element>
	<element name="TOT_QUAL_APP">
		<fm:transform_xpath xmlns:fm="http://www.hyfinity.com/formmaker">/mvc:eForm/mvc:Data/mvc:formData/mvc:TOT_QUAL_APP</fm:transform_xpath>
		<fm:action name="vacancy" xmlns:fm="http://www.hyfinity.com/formmaker">
			<fm:xform_xpath>/mvc:eForm/mvc:Data/mvc:formData/mvc:TOT_QUAL_APP</fm:xform_xpath>
		</fm:action>
	</element>
	<element name="TOT_REF_DATE">
		<fm:transform_xpath xmlns:fm="http://www.hyfinity.com/formmaker">/mvc:eForm/mvc:Data/mvc:formData/mvc:TOT_REF_DATE</fm:transform_xpath>
		<fm:action name="vacancy" xmlns:fm="http://www.hyfinity.com/formmaker">
			<fm:xform_xpath>/mvc:eForm/mvc:Data/mvc:formData/mvc:TOT_REF_DATE</fm:xform_xpath>
		</fm:action>
	</element>
	<element name="CERT_AUDIT_COMP">
		<fm:transform_xpath xmlns:fm="http://www.hyfinity.com/formmaker">/mvc:eForm/mvc:Data/mvc:formData/mvc:CERT_AUDIT_COMP</fm:transform_xpath>
		<fm:action name="vacancy" xmlns:fm="http://www.hyfinity.com/formmaker">
			<fm:xform_xpath>/mvc:eForm/mvc:Data/mvc:formData/mvc:CERT_AUDIT_COMP</fm:xform_xpath>
		</fm:action>
	</element>
	<group name="one_column_grid_2" />
	<group name="one_column_1" />
	<element name="APP_NOTIFIED_DATE">
		<fm:transform_xpath xmlns:fm="http://www.hyfinity.com/formmaker">/mvc:eForm/mvc:Data/mvc:formData/mvc:APP_NOTIFIED_DATE</fm:transform_xpath>
		<fm:action name="vacancy" xmlns:fm="http://www.hyfinity.com/formmaker">
			<fm:xform_xpath>/mvc:eForm/mvc:Data/mvc:formData/mvc:APP_NOTIFIED_DATE</fm:xform_xpath>
		</fm:action>
	</element>
</xforms>
