<?xml version="1.0" encoding="UTF-8"?>
<xforms xmlns:mvc="http://www.hyfinity.com/mvc" xmlns="http://www.hyfinity.com/formmaker">
	<instance_configuration />
	<page />
	<group name="atc_main_lg" />
	<element name="ATC_GRADE_ID">
		<fm:action name="atc" xmlns:fm="http://www.hyfinity.com/formmaker">
			<fm:xform_xpath>/mvc:eForm/mvc:Data/mvc:formData/mvc:ATC_GRADE_ID</fm:xform_xpath>
		</fm:action>
		<transform_xpath>enter_xpath_here</transform_xpath>
		<repeat_xpath>/mvc:eForm/mvc:Data/lookup/record[LTYPE='(Common)' and ACTIVE='1'] |
/mvc:eForm/mvc:Data/lookup/record[LTYPE='Grade' and ACTIVE='1']</repeat_xpath>
		<value_xpath>ID</value_xpath>
		<text_xpath>LABEL</text_xpath>
		<description />
	</element>
	<element name="ATC_DUTY_STATION">
		<description />
		<fm:transform_xpath xmlns:fm="http://www.hyfinity.com/formmaker">/mvc:eForm/mvc:Data/mvc:formData/mvc:ATC_DUTY_STATION</fm:transform_xpath>
		<fm:action name="atc" xmlns:fm="http://www.hyfinity.com/formmaker">
			<fm:xform_xpath>/mvc:eForm/mvc:Data/mvc:formData/mvc:ATC_DUTY_STATION</fm:xform_xpath>
		</fm:action>
	</element>
	<group name="summary_lg" />
	<group name="SUMMARY_GRID" />
	<group name="one_column_2" />
	<group name="one_column_3" />
	<element name="ATC_PAY_PLAN_CODE">
		<description />
		<fm:transform_xpath xmlns:fm="http://www.hyfinity.com/formmaker">/mvc:eForm/mvc:Data/mvc:formData/mvc:ATC_PAY_PLAN_CODE</fm:transform_xpath>
		<fm:action name="atc" xmlns:fm="http://www.hyfinity.com/formmaker">
			<fm:xform_xpath>/mvc:eForm/mvc:Data/mvc:formData/mvc:ATC_PAY_PLAN_CODE</fm:xform_xpath>
		</fm:action>
	</element>
	<element name="ATC_TITLE">
		<transform_xpath>/mvc:eForm/mvc:Data/WorkitemContext/Process/ProcessVariables/positionTitle</transform_xpath>
		<fm:action name="atc" xmlns:fm="http://www.hyfinity.com/formmaker">
			<xform_xpath>/mvc:eForm/mvc:Data/WorkitemContext/Process/ProcessVariables/positionTitle</xform_xpath>
		</fm:action>
		<description />
	</element>
	<element name="ATC_SERIES">
		<description />
		<fm:transform_xpath xmlns:fm="http://www.hyfinity.com/formmaker">/mvc:eForm/mvc:Data/mvc:formData/mvc:ATC_SERIES</fm:transform_xpath>
		<fm:action name="atc" xmlns:fm="http://www.hyfinity.com/formmaker">
			<fm:xform_xpath>/mvc:eForm/mvc:Data/mvc:formData/mvc:ATC_SERIES</fm:xform_xpath>
		</fm:action>
	</element>
	<group name="one_column_1" />
	<element name="ATC_LAST_NAME">
		<description />
		<transform_xpath>/mvc:eForm/mvc:Data/WorkitemContext/Process/ProcessVariables/positionTitle</transform_xpath>
		<fm:action name="atc" xmlns:fm="http://www.hyfinity.com/formmaker">
			<xform_xpath>/mvc:eForm/mvc:Data/WorkitemContext/Process/ProcessVariables/positionTitle</xform_xpath>
		</fm:action>
	</element>
	<element name="ATC_FIRST_NAME">
		<description />
		<transform_xpath>/mvc:eForm/mvc:Data/WorkitemContext/Process/ProcessVariables/positionTitle</transform_xpath>
		<fm:action name="atc" xmlns:fm="http://www.hyfinity.com/formmaker">
			<xform_xpath>/mvc:eForm/mvc:Data/WorkitemContext/Process/ProcessVariables/positionTitle</xform_xpath>
		</fm:action>
	</element>
	<element name="ATC_MIDDLE_INITIAL">
		<description />
		<transform_xpath>/mvc:eForm/mvc:Data/WorkitemContext/Process/ProcessVariables/positionTitle</transform_xpath>
		<fm:action name="atc" xmlns:fm="http://www.hyfinity.com/formmaker">
			<xform_xpath>/mvc:eForm/mvc:Data/WorkitemContext/Process/ProcessVariables/positionTitle</xform_xpath>
		</fm:action>
	</element>
	<group name="personnelAction_lg" />
	<group name="PERSONNEL_ACTION_GRID" />
	<group name="one_column_5" />
	<group name="one_column_6" />
	<group name="one_column_7" />
	<element name="ATC_AUTHORITY">
		<transform_xpath>/mvc:eForm/mvc:Data/WorkitemContext/Process/ProcessVariables/positionTitle</transform_xpath>
		<fm:action name="atc" xmlns:fm="http://www.hyfinity.com/formmaker">
			<xform_xpath>/mvc:eForm/mvc:Data/WorkitemContext/Process/ProcessVariables/positionTitle</xform_xpath>
		</fm:action>
		<description />
	</element>
	<element name="ATC_SECOND_AUTHORITY">
		<description />
		<transform_xpath>/mvc:eForm/mvc:Data/WorkitemContext/Process/ProcessVariables/positionTitle</transform_xpath>
		<fm:action name="atc" xmlns:fm="http://www.hyfinity.com/formmaker">
			<xform_xpath>/mvc:eForm/mvc:Data/WorkitemContext/Process/ProcessVariables/positionTitle</xform_xpath>
		</fm:action>
	</element>
	<group name="one_column_8" />
	<element name="ATC_EFFECTIVE_DATE">
		<fm:transform_xpath xmlns:fm="http://www.hyfinity.com/formmaker">/mvc:eForm/mvc:Data/mvc:formData/mvc:ATC_EFFECTIVE_DATE</fm:transform_xpath>
		<fm:action name="atc" xmlns:fm="http://www.hyfinity.com/formmaker">
			<fm:xform_xpath>/mvc:eForm/mvc:Data/mvc:formData/mvc:ATC_EFFECTIVE_DATE</fm:xform_xpath>
		</fm:action>
	</element>
	<element name="ATC_NTE">
		<fm:transform_xpath xmlns:fm="http://www.hyfinity.com/formmaker">/mvc:eForm/mvc:Data/mvc:formData/mvc:ATC_NTE</fm:transform_xpath>
		<fm:action name="atc" xmlns:fm="http://www.hyfinity.com/formmaker">
			<fm:xform_xpath>/mvc:eForm/mvc:Data/mvc:formData/mvc:ATC_NTE</fm:xform_xpath>
		</fm:action>
	</element>
	<element name="ATC_INTER_WORKED">
		<description />
		<transform_xpath>/mvc:eForm/mvc:Data/WorkitemContext/Process/ProcessVariables/positionTitle</transform_xpath>
		<fm:action name="atc" xmlns:fm="http://www.hyfinity.com/formmaker">
			<xform_xpath>/mvc:eForm/mvc:Data/WorkitemContext/Process/ProcessVariables/positionTitle</xform_xpath>
		</fm:action>
	</element>
	<element name="ATC_INTER_PROJECTED">
		<description />
		<transform_xpath>/mvc:eForm/mvc:Data/WorkitemContext/Process/ProcessVariables/positionTitle</transform_xpath>
		<fm:action name="atc" xmlns:fm="http://www.hyfinity.com/formmaker">
			<xform_xpath>/mvc:eForm/mvc:Data/WorkitemContext/Process/ProcessVariables/positionTitle</xform_xpath>
		</fm:action>
	</element>
	<group name="compensation_lg" />
	<group name="COMPENSATION_GRID" />
	<group name="one_column_9" />
	<group name="one_column_10" />
	<group name="one_column_11" />
	<group name="one_column_12" />
	<group name="one_column_13" />
	<element name="POS_CAN">
		<description />
		<transform_xpath>/mvc:eForm/mvc:Data/WorkitemContext/Process/ProcessVariables/positionTitle</transform_xpath>
		<fm:action name="atc" xmlns:fm="http://www.hyfinity.com/formmaker">
			<xform_xpath>/mvc:eForm/mvc:Data/WorkitemContext/Process/ProcessVariables/positionTitle</xform_xpath>
		</fm:action>
	</element>
	<element name="ATC_PAY_SET_AS">
		<transform_xpath>/mvc:eForm/mvc:Data/WorkitemContext/Process/ProcessVariables/positionTitle</transform_xpath>
		<fm:action name="atc" xmlns:fm="http://www.hyfinity.com/formmaker">
			<xform_xpath>/mvc:eForm/mvc:Data/WorkitemContext/Process/ProcessVariables/positionTitle</xform_xpath>
		</fm:action>
		<description />
	</element>
	<element name="ATC_POST_DIFF_PERCENT">
		<description />
		<transform_xpath>/mvc:eForm/mvc:Data/WorkitemContext/Process/ProcessVariables/positionTitle</transform_xpath>
		<fm:action name="atc" xmlns:fm="http://www.hyfinity.com/formmaker">
			<xform_xpath>/mvc:eForm/mvc:Data/WorkitemContext/Process/ProcessVariables/positionTitle</xform_xpath>
		</fm:action>
	</element>
	<element name="ATC_COLA_PERCENT">
		<description />
		<transform_xpath>/mvc:eForm/mvc:Data/WorkitemContext/Process/ProcessVariables/positionTitle</transform_xpath>
		<fm:action name="atc" xmlns:fm="http://www.hyfinity.com/formmaker">
			<xform_xpath>/mvc:eForm/mvc:Data/WorkitemContext/Process/ProcessVariables/positionTitle</xform_xpath>
		</fm:action>
	</element>
	<element name="ATC_POST_DIFF_STATUS">
		<fm:transform_xpath xmlns:fm="http://www.hyfinity.com/formmaker">/mvc:eForm/mvc:Data/mvc:formData/mvc:ATC_POST_DIFF_STATUS</fm:transform_xpath>
		<fm:action name="atc" xmlns:fm="http://www.hyfinity.com/formmaker">
			<fm:xform_xpath>/mvc:eForm/mvc:Data/mvc:formData/mvc:ATC_POST_DIFF_STATUS</fm:xform_xpath>
		</fm:action>
	</element>
	<element name="ATC_COLA_STATUS">
		<fm:transform_xpath xmlns:fm="http://www.hyfinity.com/formmaker">/mvc:eForm/mvc:Data/mvc:formData/mvc:ATC_COLA_STATUS</fm:transform_xpath>
		<fm:action name="atc" xmlns:fm="http://www.hyfinity.com/formmaker">
			<fm:xform_xpath>/mvc:eForm/mvc:Data/mvc:formData/mvc:ATC_COLA_STATUS</fm:xform_xpath>
		</fm:action>
	</element>
	<element name="atcInitComplete">
		<fm:transform_xpath xmlns:fm="http://www.hyfinity.com/formmaker">/mvc:eForm/mvc:Data/mvc:formData/mvc:atcInitComplete</fm:transform_xpath>
		<fm:action name="atc" xmlns:fm="http://www.hyfinity.com/formmaker">
			<fm:xform_xpath>/mvc:eForm/mvc:Data/mvc:formData/mvc:atcInitComplete</fm:xform_xpath>
		</fm:action>
	</element>
	<group name="hidden_lg" />
	<element name="ATC_DANGER_PAY_STATUS">
		<fm:transform_xpath xmlns:fm="http://www.hyfinity.com/formmaker">/mvc:eForm/mvc:Data/mvc:formData/mvc:ATC_DANGER_PAY_STATUS</fm:transform_xpath>
		<fm:action name="atc" xmlns:fm="http://www.hyfinity.com/formmaker">
			<fm:xform_xpath>/mvc:eForm/mvc:Data/mvc:formData/mvc:ATC_DANGER_PAY_STATUS</fm:xform_xpath>
		</fm:action>
	</element>
	<element name="ATC_PAY_CORDINATED">
		<fm:transform_xpath xmlns:fm="http://www.hyfinity.com/formmaker">/mvc:eForm/mvc:Data/mvc:formData/mvc:ATC_PAY_CORDINATED</fm:transform_xpath>
		<fm:action name="atc" xmlns:fm="http://www.hyfinity.com/formmaker">
			<fm:xform_xpath>/mvc:eForm/mvc:Data/mvc:formData/mvc:ATC_PAY_CORDINATED</fm:xform_xpath>
		</fm:action>
	</element>
	<group name="benefits_lg" />
	<group name="BENEFITS_GRID" />
	<group name="one_column_14" />
	<group name="one_column_15" />
	<element name="ATC_ENTITLED_TO_BENEFITS">
		<fm:transform_xpath xmlns:fm="http://www.hyfinity.com/formmaker">/mvc:eForm/mvc:Data/mvc:formData/mvc:ATC_ENTITLED_TO_BENEFITS</fm:transform_xpath>
		<fm:action name="atc" xmlns:fm="http://www.hyfinity.com/formmaker">
			<fm:xform_xpath>/mvc:eForm/mvc:Data/mvc:formData/mvc:ATC_ENTITLED_TO_BENEFITS</fm:xform_xpath>
		</fm:action>
	</element>
	<element name="ATC_VISA_TYPE">
		<description />
		<transform_xpath>/mvc:eForm/mvc:Data/WorkitemContext/Process/ProcessVariables/positionTitle</transform_xpath>
		<fm:action name="atc" xmlns:fm="http://www.hyfinity.com/formmaker">
			<xform_xpath>/mvc:eForm/mvc:Data/WorkitemContext/Process/ProcessVariables/positionTitle</xform_xpath>
		</fm:action>
	</element>
	<group name="one_column_8a" />
	<element name="ATC_INTER_WORKED_DAYSHOURS">
		<fm:transform_xpath xmlns:fm="http://www.hyfinity.com/formmaker">/mvc:eForm/mvc:Data/mvc:formData/mvc:ATC_INTER_WORKED_DAYSHOURS</fm:transform_xpath>
		<fm:action name="atc" xmlns:fm="http://www.hyfinity.com/formmaker">
			<fm:xform_xpath>/mvc:eForm/mvc:Data/mvc:formData/mvc:ATC_INTER_WORKED_DAYSHOURS</fm:xform_xpath>
		</fm:action>
	</element>
	<element name="ATC_INTER_PROJECTED_DAYSHOURS">
		<fm:transform_xpath xmlns:fm="http://www.hyfinity.com/formmaker">/mvc:eForm/mvc:Data/mvc:formData/mvc:ATC_INTER_PROJECTED_DAYSHOURS</fm:transform_xpath>
		<fm:action name="atc" xmlns:fm="http://www.hyfinity.com/formmaker">
			<fm:xform_xpath>/mvc:eForm/mvc:Data/mvc:formData/mvc:ATC_INTER_PROJECTED_DAYSHOURS</fm:xform_xpath>
		</fm:action>
	</element>
	<group name="one_column_9a" />
	<element name="ATC_FISCALYEAR">
		<fm:transform_xpath xmlns:fm="http://www.hyfinity.com/formmaker">/mvc:eForm/mvc:Data/mvc:formData/mvc:ATC_FISCALYEAR</fm:transform_xpath>
		<fm:action name="atc" xmlns:fm="http://www.hyfinity.com/formmaker">
			<fm:xform_xpath>/mvc:eForm/mvc:Data/mvc:formData/mvc:ATC_FISCALYEAR</fm:xform_xpath>
		</fm:action>
	</element>
	<element name="ATC_HP_STEP">
		<fm:action name="atc" xmlns:fm="http://www.hyfinity.com/formmaker">
			<fm:xform_xpath>/mvc:eForm/mvc:Data/mvc:formData/mvc:ATC_HP_STEP</fm:xform_xpath>
		</fm:action>
		<transform_xpath>/mvc:eForm/mvc:Data/mvc:formData/mvc:ATC_HP_STEP</transform_xpath>
		<repeat_xpath>/mvc:eForm/mvc:Data/lookup/record[LTYPE='STep' and ACTIVE='1']</repeat_xpath>
		<value_xpath>ID</value_xpath>
		<text_xpath>LABEL</text_xpath>
		<description />
	</element>
	<element name="ATC_PRIOR_FEDERAL_SERVICE">
		<fm:action name="atc" xmlns:fm="http://www.hyfinity.com/formmaker">
			<fm:xform_xpath>/mvc:eForm/mvc:Data/mvc:formData/mvc:ATC_PRIOR_FEDERAL_SERVICE</fm:xform_xpath>
		</fm:action>
		<transform_xpath>enter_xpath_here</transform_xpath>
	</element>
	<element name="ATC_HP_SALARY">
		<fm:action name="atc" xmlns:fm="http://www.hyfinity.com/formmaker">
			<fm:xform_xpath>/mvc:eForm/mvc:Data/mvc:formData/mvc:ATC_HP_SALARY</fm:xform_xpath>
		</fm:action>
		<transform_xpath>/mvc:eForm/mvc:Data/mvc:formData/mvc:ATC_HP_SALARY</transform_xpath>
		<description />
	</element>
	<group name="one_column_9b" />
	<element name="ATC_LOCALITY_REMARKS">
		<fm:action name="atc" xmlns:fm="http://www.hyfinity.com/formmaker">
			<fm:xform_xpath>/mvc:eForm/mvc:Data/mvc:formData/mvc:ATC_LOCALITY_REMARKS</fm:xform_xpath>
		</fm:action>
		<transform_xpath>/mvc:eForm/mvc:Data/mvc:formData/mvc:ATC_LOCALITY_REMARKS</transform_xpath>
		<description />
	</element>
	<group name="one_column_9c" />
	<group name="one_column_10a" />
	<element name="ATC_INCENTIVES">
		<description />
		<transform_xpath>/mvc:eForm/mvc:Data/WorkitemContext/Process/ProcessVariables/positionTitle</transform_xpath>
		<fm:action name="atc" xmlns:fm="http://www.hyfinity.com/formmaker">
			<xform_xpath>/mvc:eForm/mvc:Data/WorkitemContext/Process/ProcessVariables/positionTitle</xform_xpath>
		</fm:action>
	</element>
	<element name="ATC_MARKET_PAY">
		<description />
		<transform_xpath>/mvc:eForm/mvc:Data/WorkitemContext/Process/ProcessVariables/positionTitle</transform_xpath>
		<fm:action name="atc" xmlns:fm="http://www.hyfinity.com/formmaker">
			<xform_xpath>/mvc:eForm/mvc:Data/WorkitemContext/Process/ProcessVariables/positionTitle</xform_xpath>
		</fm:action>
	</element>
	<element name="ATC_TERMINATE_RET_ALLOWANCE">
		<fm:transform_xpath xmlns:fm="http://www.hyfinity.com/formmaker">/mvc:eForm/mvc:Data/mvc:formData/mvc:ATC_TERMINATE_RET_ALLOWANCE</fm:transform_xpath>
		<fm:action name="atc" xmlns:fm="http://www.hyfinity.com/formmaker">
			<fm:xform_xpath>/mvc:eForm/mvc:Data/mvc:formData/mvc:ATC_TERMINATE_RET_ALLOWANCE</fm:xform_xpath>
		</fm:action>
	</element>
	<element name="ATC_PAY_SET_AS_GRADE_ID">
		<fm:action name="atc" xmlns:fm="http://www.hyfinity.com/formmaker">
			<fm:xform_xpath>/mvc:eForm/mvc:Data/mvc:formData/mvc:ATC_PAY_SET_AS_GRADE_ID</fm:xform_xpath>
		</fm:action>
		<transform_xpath>/mvc:eForm/mvc:Data/mvc:formData/mvc:ATC_PAY_SET_AS_GRADE_ID</transform_xpath>
		<repeat_xpath>/mvc:eForm/mvc:Data/lookup/record[LTYPE='Grade' and ACTIVE='1']</repeat_xpath>
		<value_xpath>ID</value_xpath>
		<text_xpath>LABEL</text_xpath>
		<description />
	</element>
	<element name="ADD_NOAC">
		<fm:transform_xpath xmlns:fm="http://www.hyfinity.com/formmaker">/mvc:eForm/mvc:Data/mvc:formData/mvc:ADD_NOAC</fm:transform_xpath>
		<fm:action name="atc" xmlns:fm="http://www.hyfinity.com/formmaker">
			<fm:xform_xpath>/mvc:eForm/mvc:Data/mvc:formData/mvc:ADD_NOAC</fm:xform_xpath>
		</fm:action>
	</element>
	<element name="ATC_ZLM_REMARKS">
		<fm:action name="atc" xmlns:fm="http://www.hyfinity.com/formmaker">
			<fm:xform_xpath>/mvc:eForm/mvc:Data/mvc:formData/mvc:ATC_ZLM_REMARKS</fm:xform_xpath>
		</fm:action>
	</element>
	<element name="ATC_HP_GRADE_ID">
		<fm:action name="atc" xmlns:fm="http://www.hyfinity.com/formmaker">
			<fm:xform_xpath>/mvc:eForm/mvc:Data/mvc:formData/mvc:ATC_HP_GRADE_ID</fm:xform_xpath>
		</fm:action>
		<transform_xpath>enter_xpath_here</transform_xpath>
		<repeat_xpath>/mvc:eForm/mvc:Data/lookup/record[LTYPE='Grade' and ACTIVE='1']</repeat_xpath>
		<value_xpath>ID</value_xpath>
		<text_xpath>LABEL</text_xpath>
		<description />
	</element>
	<element name="ATC_HP_PAY_PLAN_CODE">
		<description />
		<fm:transform_xpath xmlns:fm="http://www.hyfinity.com/formmaker">/mvc:eForm/mvc:Data/mvc:formData/mvc:ATC_HP_PAY_PLAN_CODE</fm:transform_xpath>
		<fm:action name="atc" xmlns:fm="http://www.hyfinity.com/formmaker">
			<fm:xform_xpath>/mvc:eForm/mvc:Data/mvc:formData/mvc:ATC_HP_PAY_PLAN_CODE</fm:xform_xpath>
		</fm:action>
	</element>
	<element name="ATC_VETS_PREF_CODE">
		<transform_xpath>enter_xpath_here</transform_xpath>
		<action name="atc">
			<xform_xpath>enter_xpath_here</xform_xpath>
		</action>
	</element>
	<element name="ATC_PAY_SET_AS_PAY_PLAN_CODE">
		<fm:action name="atc" xmlns:fm="http://www.hyfinity.com/formmaker">
			<xform_xpath>enter_xpath_here</xform_xpath>
		</fm:action>
	</element>
	<element name="ATC_PAY_SET_AS_STEP">
		<transform_xpath>enter_xpath_here</transform_xpath>
		<action name="atc">
			<xform_xpath>enter_xpath_here</xform_xpath>
		</action>
	</element>
	<element name="ATC_CITIZEN_OF">
		<fm:action name="atc" xmlns:fm="http://www.hyfinity.com/formmaker">
			<fm:xform_xpath>/mvc:eForm/mvc:Data/mvc:formData/mvc:ATC_CITIZEN_OF</fm:xform_xpath>
		</fm:action>
		<transform_xpath>enter_xpath_here</transform_xpath>
		<repeat_xpath>/mvc:eForm/mvc:Data/lookup/record[LTYPE='(Common)' and ACTIVE='1'] |
/mvc:eForm/mvc:Data/lookup/record[LTYPE='Country' and ACTIVE='1']</repeat_xpath>
		<value_xpath>LABEL</value_xpath>
		<text_xpath>LABEL</text_xpath>
		<description />
	</element>
	<group name="one_column_6a" />
	<element name="ATC_BENEFITS">
		<fm:transform_xpath xmlns:fm="http://www.hyfinity.com/formmaker">/mvc:eForm/mvc:Data/mvc:formData/mvc:ATC_BENEFITS</fm:transform_xpath>
		<fm:action name="atc" xmlns:fm="http://www.hyfinity.com/formmaker">
			<fm:xform_xpath>/mvc:eForm/mvc:Data/mvc:formData/mvc:ATC_BENEFITS</fm:xform_xpath>
		</fm:action>
	</element>
	<element name="ADD_BENEFIT">
		<fm:transform_xpath xmlns:fm="http://www.hyfinity.com/formmaker">/mvc:eForm/mvc:Data/mvc:formData/mvc:ADD_BENEFIT</fm:transform_xpath>
		<fm:action name="atc" xmlns:fm="http://www.hyfinity.com/formmaker">
			<fm:xform_xpath>/mvc:eForm/mvc:Data/mvc:formData/mvc:ADD_BENEFIT</fm:xform_xpath>
		</fm:action>
	</element>
	<element name="ATC_NOAC">
		<description />
		<fm:transform_xpath xmlns:fm="http://www.hyfinity.com/formmaker">/mvc:eForm/mvc:Data/mvc:formData/mvc:ATC_NOAC</fm:transform_xpath>
		<fm:action name="atc" xmlns:fm="http://www.hyfinity.com/formmaker">
			<fm:xform_xpath>/mvc:eForm/mvc:Data/mvc:formData/mvc:ATC_NOAC</fm:xform_xpath>
		</fm:action>
	</element>
	<group name="one_column_4" />
	<element name="ATC_VISA_ASSISTANCE_REQ">
		<fm:transform_xpath xmlns:fm="http://www.hyfinity.com/formmaker">/mvc:eForm/mvc:Data/mvc:formData/mvc:ATC_VISA_ASSISTANCE_REQ</fm:transform_xpath>
		<fm:action name="atc" xmlns:fm="http://www.hyfinity.com/formmaker">
			<fm:xform_xpath>/mvc:eForm/mvc:Data/mvc:formData/mvc:ATC_VISA_ASSISTANCE_REQ</fm:xform_xpath>
		</fm:action>
	</element>
	<element name="ATC_LOCALITY">
		<action name="atc">
			<xform_xpath>enter_xpath_here</xform_xpath>
		</action>
	</element>
	<group name="one_column_1a" />
</xforms>
