<?xml version="1.0" encoding="UTF-8"?>
<index desc="user 1 collection index file" id="collection_index" name="user1 collection index" xmlns="http://www.hyfinity.com/xstore">
	<entry desc="" docname="CDC/mvc/apt_general/xsd_pool" id="CDC/mvc/apt_general/xsd_pool" timestamp="" />
	<entry desc="" docname="CDC/mvc/apt_general/logicsheet_pool" id="CDC/mvc/apt_general/logicsheet_pool" timestamp="" />
	<entry desc="" docname="CDC/mvc/apt_general/message_pool" id="CDC/mvc/apt_general/message_pool" timestamp="" />
	<entry desc="" docname="CDC/mvc/apt_general/other_resources_pool" id="CDC/mvc/apt_general/other_resources_pool" timestamp="" />
	<entry desc="" docname="CDC/mvc/apt_general/application" id="CDC/mvc/apt_general/application" timestamp="" />
	<entry desc="" docname="CDC/mvc/apt_general/formStructure" id="CDC/mvc/apt_general/formStructure" timestamp="" />
	<entry desc="" docname="CDC/mvc/apt_general/hyfinityBindings" id="CDC/mvc/apt_general/hyfinityBindings" timestamp="" />
	<entry desc="" docname="CDC/mvc/apt_general/xsl_pool" id="CDC/mvc/apt_general/xsl_pool" timestamp="" />
	<entry desc="" docname="CDC/mvc/apt_general/genDefaults" id="CDC/mvc/apt_general/genDefaults" timestamp="" />
	<entry desc="" docname="CDC/mvc/apt_general/L1_pattern_pool" id="CDC/mvc/apt_general/L1_pattern_pool" timestamp="" />
	<entry desc="" docname="CDC/mvc/apt_general/L1_pattern_instance_pool" id="CDC/mvc/apt_general/L1_pattern_instance_pool" timestamp="" />
	<entry desc="" docname="CDC/mvc/apt_general/L2_pattern_pool" id="CDC/mvc/apt_general/L2_pattern_pool" timestamp="" />
	<entry desc="" docname="CDC/mvc/apt_general/L2_pattern_instance_pool" id="CDC/mvc/apt_general/L2_pattern_instance_pool" timestamp="" />
	<entry desc="" docname="CDC/mvc/apt_general/L3_pattern_pool" id="CDC/mvc/apt_general/L3_pattern_pool" timestamp="" />
	<entry desc="" docname="CDC/mvc/apt_general/L3_pattern_instance_pool" id="CDC/mvc/apt_general/L3_pattern_instance_pool" timestamp="" />
</index>
