<?xml version="1.0" encoding="UTF-8"?>
<fm:structure xmlns:fm="http://www.hyfinity.com/formmaker">
	<form_details xmlns="http://www.hyfinity.com/formmaker">
		<error_highlight_method alert="false" as_you_type="true" validation_mode="all">bubble</error_highlight_method>
		<hint_display_method>tooltip</hint_display_method>
		<top_level_message class="topLevelMessage" required="false" style="" />
		<mark_mandatory class="mandatory" location="after_label" required="true" style=""> * </mark_mandatory>
		<description>Enter a description.</description>
		<page_background_style class="" style="" />
		<page_content_style class="" style="" />
		<page_events>
			<events>
				<event id="onload">
					<action id="CustomScript">
						<param name="Script" option="Script">claResources.init();
</param>
					</action>
				</event>
			</events>
		</page_events>
		<external_events />
	</form_details>
	<fm:group border_styling="false" compatability="false" conditional_display="false" control_field="" control_field_value="" fieldset="false" gen_method="layout" hide="false" label_position="left" name="resources_lg" submit_if_hidden="true">
		<label class="label" options="static" position="outside_group" position_override="top" required="true" style="" type="static" value="Resources" xmlns="http://www.hyfinity.com/formmaker">
			<container class="groupLabelBackground" options="static" style="">
				<content_alignment distribution="vertical" />
			</container>
		</label>
		<style class="" options="static" style="" xmlns="http://www.hyfinity.com/formmaker" />
		<fm:content_alignment distribution="vertical" halign="left" valign="top" />
		<fm:sizing height="fit_to_content" width="fully_expand" />
		<palette_ref control="Layout Group" xmlns="http://www.hyfinity.com/formmaker" />
		<fm:group border_styling="false" compatability="false" conditional_display="false" control_field="" control_field_value="" fieldset="false" gen_method="container" hide="false" label_position="left" name="resources_title5" submit_if_hidden="true">
			<fm:repeat compatability="true" name="resources_links_table">
				<vertical_scrolling num_rows="" required="false" xmlns="http://www.hyfinity.com/formmaker" />
				<column_styling alternate_styles="no" change_period="1" class1="firstColumn" class2="alternateColumn" style1="" style2="" xmlns="http://www.hyfinity.com/formmaker" />
				<row_styling alternate_styles="no" change_period="1" class1="firstRow" class2="alternateRow" style1="" style2="" xmlns="http://www.hyfinity.com/formmaker" />
				<style class="repeat wrapRowsOnPhone" options="static" style="" xmlns="http://www.hyfinity.com/formmaker" />
				<fm:group border_styling="false" compatability="true" fieldset="false" gen_method="table" hide="false" label_position="top" name="table_content" submit_if_hidden="true">
					<label class="label" options="static" position="outside_group" position_override="top" required="false" style="" type="static" value="" xmlns="http://www.hyfinity.com/formmaker">
						<container class="groupLabelBackground" options="static" style="">
							<content_alignment distribution="vertical" halign="left" valign="middle" />
							<sizing height="custom" width="fully_expand" />
						</container>
					</label>
					<style class="repeatRow" options="static" style="" xmlns="http://www.hyfinity.com/formmaker" />
					<fm:element disable="false" disable_method="disabled" generate="true" hide="false" name="anchor">
						<field xmlns="http://www.hyfinity.com/formmaker">
							<input caption="Hyperlink Description" options="dynamic">button</input>
							<style class="defaultBackground hyperlinkControl" options="static" style="" />
							<element_style class="hyperlink" options="static" style="" />
							<date_picker class="" content="" required="false" type="normal" />
							<label class="label" options="static" required="true" style="" type="static" value="Resource">
								<container class="labelBackground labelControl" options="static">
									<content_alignment halign="left" valign="middle" />
								</container>
							</label>
							<container />
						</field>
						<constraints validate="false" xmlns="http://www.hyfinity.com/formmaker">
							<type>string</type>
							<required>false</required>
							<enumeration use_for_output="false" />
						</constraints>
						<error xmlns="http://www.hyfinity.com/formmaker">
							<hint class="hintIcon" style="" use="false">Enter a hint here.</hint>
							<server class="errorIcon" retain="false" style="" use="false" />
						</error>
						<events xmlns="http://www.hyfinity.com/formmaker">
							<event id="anchorActivated">
								<action id="targetLocation">
									<param name="Target" option="Dynamic" value="" />
								</action>
							</event>
						</events>
						<palette_ref control="Hyperlink" xmlns="http://www.hyfinity.com/formmaker" />
						<custom_attributes xmlns="http://www.hyfinity.com/formmaker">
							<attribute name="target" type="custom" value="_new" />
						</custom_attributes>
					</fm:element>
					<fm:element disable="false" disable_method="read_only" generate="true" hide="false" name="T1_LINK_DESCRIPTION">
						<field xmlns="http://www.hyfinity.com/formmaker">
							<input expandable="true" max="10" min="2" options="dynamic" size="100" size-y="4">textarea</input>
							<style class="defaultBackground textareaControl" options="static" style="" />
							<element_style class="textbox" options="static" style="" />
							<date_picker class="datePickerIcon" content="" required="false" type="normal" />
							<label class="label" options="static" required="true" style="" type="static" value="Description">
								<container class="labelBackground labelControl" options="static" style="" />
							</label>
							<container />
						</field>
						<constraints validate="true" xmlns="http://www.hyfinity.com/formmaker">
							<type>string</type>
							<required>false</required>
							<enumeration use_for_output="false" />
						</constraints>
						<error xmlns="http://www.hyfinity.com/formmaker">
							<hint class="hintIcon" style="" use="false">Enter a hint here.</hint>
							<server class="errorIcon" retain="false" style="" use="false" />
						</error>
						<palette_ref control="Text Area" xmlns="http://www.hyfinity.com/formmaker" />
						<events xmlns="http://www.hyfinity.com/formmaker" />
					</fm:element>
					<content_alignment distribution="vertical" halign="left" valign="top" xmlns="http://www.hyfinity.com/formmaker" />
				</fm:group>
				<description xmlns="http://www.hyfinity.com/formmaker">Enter a description.</description>
			</fm:repeat>
			<label class="label" options="static" position="inside_group" position_override="top" required="false" style="" type="static" value="Resources" xmlns="http://www.hyfinity.com/formmaker">
				<container class="groupLabelBackground" options="static" style="">
					<content_alignment distribution="vertical" halign="left" valign="middle" />
					<sizing height="custom" width="fully_expand" />
				</container>
			</label>
			<style class="basicTableContainer" options="static" style="" xmlns="http://www.hyfinity.com/formmaker" />
			<content_alignment distribution="vertical" halign="left" valign="top" xmlns="http://www.hyfinity.com/formmaker" />
			<sizing height="fit_to_content" width="fully_expand" xmlns="http://www.hyfinity.com/formmaker" />
			<palette_ref control="Basic Table" xmlns="http://www.hyfinity.com/formmaker" />
		</fm:group>
		<fm:group border_styling="false" compatability="false" conditional_display="false" control_field="" control_field_value="" fieldset="false" gen_method="container" hide="false" label_position="left" name="resources_title42" submit_if_hidden="true">
			<fm:repeat compatability="true" name="resources_links_table_2">
				<vertical_scrolling num_rows="" required="false" xmlns="http://www.hyfinity.com/formmaker" />
				<column_styling alternate_styles="no" change_period="1" class1="firstColumn" class2="alternateColumn" style1="" style2="" xmlns="http://www.hyfinity.com/formmaker" />
				<row_styling alternate_styles="no" change_period="1" class1="firstRow" class2="alternateRow" style1="" style2="" xmlns="http://www.hyfinity.com/formmaker" />
				<style class="repeat wrapRowsOnPhone" options="static" style="" xmlns="http://www.hyfinity.com/formmaker" />
				<fm:group border_styling="false" compatability="true" fieldset="false" gen_method="table" hide="false" label_position="top" name="table_content_2" submit_if_hidden="true">
					<label class="label" options="static" position="outside_group" position_override="top" required="false" style="" type="static" value="" xmlns="http://www.hyfinity.com/formmaker">
						<container class="groupLabelBackground" options="static" style="">
							<content_alignment distribution="vertical" halign="left" valign="middle" />
							<sizing height="custom" width="fully_expand" />
						</container>
					</label>
					<style class="repeatRow" options="static" style="" xmlns="http://www.hyfinity.com/formmaker" />
					<fm:element disable="false" disable_method="disabled" generate="true" hide="false" name="anchor_2">
						<field xmlns="http://www.hyfinity.com/formmaker">
							<input caption="Hyperlink Description" options="dynamic">button</input>
							<style class="defaultBackground hyperlinkControl" options="static" style="" />
							<element_style class="hyperlink" options="static" style="" />
							<date_picker class="" content="" required="false" type="normal" />
							<label class="label" options="static" required="true" style="" type="static" value="Resource">
								<container class="labelBackground labelControl" options="static">
									<content_alignment halign="left" valign="middle" />
								</container>
							</label>
							<container />
						</field>
						<constraints validate="false" xmlns="http://www.hyfinity.com/formmaker">
							<type>string</type>
							<required>false</required>
							<enumeration use_for_output="false" />
						</constraints>
						<error xmlns="http://www.hyfinity.com/formmaker">
							<hint class="hintIcon" style="" use="false">Enter a hint here.</hint>
							<server class="errorIcon" retain="false" style="" use="false" />
						</error>
						<events xmlns="http://www.hyfinity.com/formmaker">
							<event id="anchorActivated">
								<action id="targetLocation">
									<param name="Target" option="Dynamic" value="" />
								</action>
							</event>
						</events>
						<palette_ref control="Hyperlink" xmlns="http://www.hyfinity.com/formmaker" />
						<custom_attributes xmlns="http://www.hyfinity.com/formmaker">
							<attribute name="target" type="custom" value="_new" />
						</custom_attributes>
					</fm:element>
					<fm:element disable="false" disable_method="read_only" generate="true" hide="false" name="T2_LINK_DESCRIPTION">
						<field xmlns="http://www.hyfinity.com/formmaker">
							<input expandable="true" max="10" min="2" options="dynamic" size="100" size-y="4">textarea</input>
							<style class="defaultBackground textareaControl" options="static" style="" />
							<element_style class="textbox" options="static" style="" />
							<date_picker class="datePickerIcon" content="" required="false" type="normal" />
							<label class="label" options="static" required="true" style="" type="static" value="Description">
								<container class="labelBackground labelControl" options="static" style="" />
							</label>
							<container />
						</field>
						<constraints validate="true" xmlns="http://www.hyfinity.com/formmaker">
							<type>string</type>
							<required>false</required>
							<enumeration use_for_output="false" />
						</constraints>
						<error xmlns="http://www.hyfinity.com/formmaker">
							<hint class="hintIcon" style="" use="false">Enter a hint here.</hint>
							<server class="errorIcon" retain="false" style="" use="false" />
						</error>
						<palette_ref control="Text Area" xmlns="http://www.hyfinity.com/formmaker" />
						<events xmlns="http://www.hyfinity.com/formmaker" />
					</fm:element>
					<content_alignment distribution="vertical" halign="left" valign="top" xmlns="http://www.hyfinity.com/formmaker" />
				</fm:group>
				<description xmlns="http://www.hyfinity.com/formmaker">Enter a description.</description>
			</fm:repeat>
			<label class="label" options="static" position="inside_group" position_override="top" required="false" style="" type="static" value="Resources" xmlns="http://www.hyfinity.com/formmaker">
				<container class="groupLabelBackground" options="static" style="">
					<content_alignment distribution="vertical" halign="left" valign="middle" />
					<sizing height="custom" width="fully_expand" />
				</container>
			</label>
			<style class="basicTableContainer" options="static" style="" xmlns="http://www.hyfinity.com/formmaker" />
			<content_alignment distribution="vertical" halign="left" valign="top" xmlns="http://www.hyfinity.com/formmaker" />
			<sizing height="fit_to_content" width="fully_expand" xmlns="http://www.hyfinity.com/formmaker" />
			<palette_ref control="Basic Table" xmlns="http://www.hyfinity.com/formmaker" />
		</fm:group>
		<fm:group border_styling="false" compatability="false" conditional_display="false" control_field="" control_field_value="" fieldset="false" gen_method="container" hide="false" label_position="left" name="resources_sessl" submit_if_hidden="true">
			<fm:repeat compatability="true" name="resources_links_table_3">
				<vertical_scrolling num_rows="" required="false" xmlns="http://www.hyfinity.com/formmaker" />
				<column_styling alternate_styles="no" change_period="1" class1="firstColumn" class2="alternateColumn" style1="" style2="" xmlns="http://www.hyfinity.com/formmaker" />
				<row_styling alternate_styles="no" change_period="1" class1="firstRow" class2="alternateRow" style1="" style2="" xmlns="http://www.hyfinity.com/formmaker" />
				<style class="repeat wrapRowsOnPhone" options="static" style="" xmlns="http://www.hyfinity.com/formmaker" />
				<fm:group border_styling="false" compatability="true" fieldset="false" gen_method="table" hide="false" label_position="top" name="table_content_3" submit_if_hidden="true">
					<label class="label" options="static" position="outside_group" position_override="top" required="false" style="" type="static" value="" xmlns="http://www.hyfinity.com/formmaker">
						<container class="groupLabelBackground" options="static" style="">
							<content_alignment distribution="vertical" halign="left" valign="middle" />
							<sizing height="custom" width="fully_expand" />
						</container>
					</label>
					<style class="repeatRow" options="static" style="" xmlns="http://www.hyfinity.com/formmaker" />
					<fm:element disable="false" disable_method="disabled" generate="true" hide="false" name="anchor_3">
						<field xmlns="http://www.hyfinity.com/formmaker">
							<input caption="Hyperlink Description" options="dynamic">button</input>
							<style class="defaultBackground hyperlinkControl" options="static" style="" />
							<element_style class="hyperlink" options="static" style="" />
							<date_picker class="" content="" required="false" type="normal" />
							<label class="label" options="static" required="true" style="" type="static" value="Resource">
								<container class="labelBackground labelControl" options="static">
									<content_alignment halign="left" valign="middle" />
								</container>
							</label>
							<container />
						</field>
						<constraints validate="false" xmlns="http://www.hyfinity.com/formmaker">
							<type>string</type>
							<required>false</required>
							<enumeration use_for_output="false" />
						</constraints>
						<error xmlns="http://www.hyfinity.com/formmaker">
							<hint class="hintIcon" style="" use="false">Enter a hint here.</hint>
							<server class="errorIcon" retain="false" style="" use="false" />
						</error>
						<events xmlns="http://www.hyfinity.com/formmaker">
							<event id="anchorActivated">
								<action id="targetLocation">
									<param name="Target" option="Dynamic" value="" />
								</action>
							</event>
						</events>
						<palette_ref control="Hyperlink" xmlns="http://www.hyfinity.com/formmaker" />
						<custom_attributes xmlns="http://www.hyfinity.com/formmaker">
							<attribute name="target" type="custom" value="_new" />
						</custom_attributes>
					</fm:element>
					<fm:element disable="false" disable_method="read_only" generate="true" hide="false" name="T3_LINK_DESCRIPTION">
						<field xmlns="http://www.hyfinity.com/formmaker">
							<input expandable="true" max="10" min="2" options="dynamic" size="100" size-y="4">textarea</input>
							<style class="defaultBackground textareaControl" options="static" style="" />
							<element_style class="textbox" options="static" style="" />
							<date_picker class="datePickerIcon" content="" required="false" type="normal" />
							<label class="label" options="static" required="true" style="" type="static" value="Description">
								<container class="labelBackground labelControl" options="static" style="" />
							</label>
							<container />
						</field>
						<constraints validate="true" xmlns="http://www.hyfinity.com/formmaker">
							<type>string</type>
							<required>false</required>
							<enumeration use_for_output="false" />
						</constraints>
						<error xmlns="http://www.hyfinity.com/formmaker">
							<hint class="hintIcon" style="" use="false">Enter a hint here.</hint>
							<server class="errorIcon" retain="false" style="" use="false" />
						</error>
						<palette_ref control="Text Area" xmlns="http://www.hyfinity.com/formmaker" />
						<events xmlns="http://www.hyfinity.com/formmaker" />
					</fm:element>
					<content_alignment distribution="vertical" halign="left" valign="top" xmlns="http://www.hyfinity.com/formmaker" />
				</fm:group>
				<description xmlns="http://www.hyfinity.com/formmaker">Enter a description.</description>
			</fm:repeat>
			<label class="label" options="static" position="inside_group" position_override="top" required="false" style="" type="static" value="Resources" xmlns="http://www.hyfinity.com/formmaker">
				<container class="groupLabelBackground" options="static" style="">
					<content_alignment distribution="vertical" halign="left" valign="middle" />
					<sizing height="custom" width="fully_expand" />
				</container>
			</label>
			<style class="basicTableContainer" options="static" style="" xmlns="http://www.hyfinity.com/formmaker" />
			<content_alignment distribution="vertical" halign="left" valign="top" xmlns="http://www.hyfinity.com/formmaker" />
			<sizing height="fit_to_content" width="fully_expand" xmlns="http://www.hyfinity.com/formmaker" />
			<palette_ref control="Basic Table" xmlns="http://www.hyfinity.com/formmaker" />
		</fm:group>
		<fm:group border_styling="false" compatability="false" conditional_display="false" control_field="" control_field_value="" fieldset="false" gen_method="container" hide="false" label_position="left" name="resources_all" submit_if_hidden="true">
			<fm:repeat compatability="true" name="resources_links_table_4">
				<vertical_scrolling num_rows="" required="false" xmlns="http://www.hyfinity.com/formmaker" />
				<column_styling alternate_styles="no" change_period="1" class1="firstColumn" class2="alternateColumn" style1="" style2="" xmlns="http://www.hyfinity.com/formmaker" />
				<row_styling alternate_styles="no" change_period="1" class1="firstRow" class2="alternateRow" style1="" style2="" xmlns="http://www.hyfinity.com/formmaker" />
				<style class="repeat wrapRowsOnPhone" options="static" style="" xmlns="http://www.hyfinity.com/formmaker" />
				<fm:group border_styling="false" compatability="true" fieldset="false" gen_method="table" hide="false" label_position="top" name="table_content_4" submit_if_hidden="true">
					<label class="label" options="static" position="outside_group" position_override="top" required="false" style="" type="static" value="" xmlns="http://www.hyfinity.com/formmaker">
						<container class="groupLabelBackground" options="static" style="">
							<content_alignment distribution="vertical" halign="left" valign="middle" />
							<sizing height="custom" width="fully_expand" />
						</container>
					</label>
					<style class="repeatRow" options="static" style="" xmlns="http://www.hyfinity.com/formmaker" />
					<fm:element disable="false" disable_method="disabled" generate="true" hide="false" name="anchor_4">
						<field xmlns="http://www.hyfinity.com/formmaker">
							<input caption="Hyperlink Description" options="dynamic">button</input>
							<style class="defaultBackground hyperlinkControl" options="static" style="" />
							<element_style class="hyperlink" options="static" style="" />
							<date_picker class="" content="" required="false" type="normal" />
							<label class="label" options="static" required="true" style="" type="static" value="Resource">
								<container class="labelBackground labelControl" options="static">
									<content_alignment halign="left" valign="middle" />
								</container>
							</label>
							<container />
						</field>
						<constraints validate="false" xmlns="http://www.hyfinity.com/formmaker">
							<type>string</type>
							<required>false</required>
							<enumeration use_for_output="false" />
						</constraints>
						<error xmlns="http://www.hyfinity.com/formmaker">
							<hint class="hintIcon" style="" use="false">Enter a hint here.</hint>
							<server class="errorIcon" retain="false" style="" use="false" />
						</error>
						<events xmlns="http://www.hyfinity.com/formmaker">
							<event id="anchorActivated">
								<action id="targetLocation">
									<param name="Target" option="Dynamic" value="" />
								</action>
							</event>
						</events>
						<palette_ref control="Hyperlink" xmlns="http://www.hyfinity.com/formmaker" />
						<custom_attributes xmlns="http://www.hyfinity.com/formmaker">
							<attribute name="target" type="custom" value="_new" />
						</custom_attributes>
					</fm:element>
					<fm:element disable="false" disable_method="read_only" generate="true" hide="false" name="T4_LINK_DESCRIPTION">
						<field xmlns="http://www.hyfinity.com/formmaker">
							<input expandable="true" max="10" min="2" options="dynamic" size="100" size-y="4">textarea</input>
							<style class="defaultBackground textareaControl" options="static" style="" />
							<element_style class="textbox" options="static" style="" />
							<date_picker class="datePickerIcon" content="" required="false" type="normal" />
							<label class="label" options="static" required="true" style="" type="static" value="Description">
								<container class="labelBackground labelControl" options="static" style="" />
							</label>
							<container />
						</field>
						<constraints validate="true" xmlns="http://www.hyfinity.com/formmaker">
							<type>string</type>
							<required>false</required>
							<enumeration use_for_output="false" />
						</constraints>
						<error xmlns="http://www.hyfinity.com/formmaker">
							<hint class="hintIcon" style="" use="false">Enter a hint here.</hint>
							<server class="errorIcon" retain="false" style="" use="false" />
						</error>
						<palette_ref control="Text Area" xmlns="http://www.hyfinity.com/formmaker" />
						<events xmlns="http://www.hyfinity.com/formmaker" />
					</fm:element>
					<content_alignment distribution="vertical" halign="left" valign="top" xmlns="http://www.hyfinity.com/formmaker" />
				</fm:group>
				<description xmlns="http://www.hyfinity.com/formmaker">Enter a description.</description>
			</fm:repeat>
			<label class="label" options="static" position="inside_group" position_override="top" required="false" style="" type="static" value="Resources" xmlns="http://www.hyfinity.com/formmaker">
				<container class="groupLabelBackground" options="static" style="">
					<content_alignment distribution="vertical" halign="left" valign="middle" />
					<sizing height="custom" width="fully_expand" />
				</container>
			</label>
			<style class="basicTableContainer" options="static" style="" xmlns="http://www.hyfinity.com/formmaker" />
			<content_alignment distribution="vertical" halign="left" valign="top" xmlns="http://www.hyfinity.com/formmaker" />
			<sizing height="fit_to_content" width="fully_expand" xmlns="http://www.hyfinity.com/formmaker" />
			<palette_ref control="Basic Table" xmlns="http://www.hyfinity.com/formmaker" />
		</fm:group>
	</fm:group>
	<fm:group border_styling="false" compatability="false" fieldset="false" gen_method="layout" hide="false" label_position="left" name="hidden_resources" submit_if_hidden="true">
		<label class="label" options="static" position="outside_group" position_override="top" required="false" style="" type="static" value="Layout Group" xmlns="http://www.hyfinity.com/formmaker">
			<container class="groupLabelBackground" options="static" style="">
				<content_alignment distribution="vertical" />
			</container>
		</label>
		<style class="hide" options="static" style="" xmlns="http://www.hyfinity.com/formmaker" />
		<fm:content_alignment distribution="vertical" halign="left" valign="top" />
		<fm:sizing height="fit_to_content" width="fully_expand" />
		<palette_ref control="Layout Group" xmlns="http://www.hyfinity.com/formmaker" />
	</fm:group>
</fm:structure>
