<?xml version="1.0" encoding="UTF-8"?>
<application scale="0.6666666865348816" transx="0" transy="-16.460906634454133" xmlns="http://www.hyfinity.com/formmaker">
	<display_type>mvc</display_type>
	<defaults>
		<source_type>wsdl</source_type>
		<target_type />
		<skin>demo_skin.xsl</skin>
		<defaults_file>defaults.xml</defaults_file>
		<accessibility_level>Double-A</accessibility_level>
		<script_files>
			<script_file path="custom/js/general.js" />
		</script_files>
		<css_files>
			<css_file path="theme/bizflow_default/css/theme.css" />
			<css_file path="theme/bizflow_default/css/theme_ie8.css">
				<condition type="browser">IE,LE,8</condition>
			</css_file>
			<css_file path="theme/bizflow_default/css/print_completed.css">
				<condition type="media">print</condition>
			</css_file>
			<css_file path="theme/bizflow_default/css/theme_mobile.css">
				<condition type="media">only screen and (max-width: 1024px)</condition>
			</css_file>
		</css_files>
		<preview>
			<location>${user-data-location}/CDC/mvc/cdc_triage_general/webapp</location>
			<URL>${user-preview-url}/CDC/mvc/cdc_triage_general/webapp</URL>
		</preview>
		<default_nodes>
			<view_painter_node>mvc-cdc_triage_general-view-Page_Painter</view_painter_node>
		</default_nodes>
		<java_code>
			<location>C:\jprogramfiles\hyfinity\java\BizFlow</location>
			<package>com.example.jcontrollers</package>
		</java_code>
	</defaults>
	<pages>
		<page id="BizFlowEntry" type="normal" x="-13" y="-54">
			<target_type>hyfinity_sxforms</target_type>
			<start_page>true</start_page>
			<css_override>false</css_override>
			<form_ref>BizFlowEntry</form_ref>
		</page>
		<page id="General" type="subsection" x="107" y="-53">
			<target_type>hyfinity_sxforms</target_type>
			<start_page>false</start_page>
			<css_override>false</css_override>
			<form_ref>General</form_ref>
			<script_files>
				<script_file path="custom/js/general.js" />
			</script_files>
			<css_files>
				<css_file path="custom/css/general.css" />
			</css_files>
		</page>
	</pages>
	<handlers>
		<handler id="General" implementation="xml" type="subsection" x="-2" y="-65">
			<node>mvc-cdc_triage_general-General-Controller</node>
		</handler>
	</handlers>
	<forms>
		<form id="BizFlowEntry">
			<data_to_form collection="CDC/mvc/cdc_triage_general/message_pool" xstore="blueprints">to_BizFlowEntry_page.xml</data_to_form>
			<structure_generated>true</structure_generated>
		</form>
		<form id="General">
			<data_to_form collection="CDC/mvc/cdc_triage_general/message_pool" xstore="blueprints">to_General_page.xml</data_to_form>
			<structure_generated>true</structure_generated>
		</form>
	</forms>
	<links>
		<link id="BizFlowEntry__general__link_1">
			<source type="Page">BizFlowEntry</source>
			<target type="Page">General</target>
			<action>general</action>
			<submission_method>subsection</submission_method>
			<data_from_form collection="CDC/mvc/cdc_triage_general/message_pool" xstore="blueprints">calling_general_action.xml</data_from_form>
			<instance_type>static</instance_type>
		</link>
	</links>
</application>
