<?xml version="1.0" encoding="UTF-8"?>
<index desc="hsguser/mvc/BizFlow/message_pool_pool" name="hsguser/mvc/BizFlow/message_pool_pool" xmlns="http://www.hyfinity.com/xstore">
	<entry desc="" docname="to_BizFlowEntry_page.xml" id="to_DummyStart_page" timestamp="" />
	<entry desc="" docname="calling_SearchPeople_action.xml" id="calling_bizflowEntry_action" timestamp="" />
	<entry desc="" docname="calling_SearchAdmOffOrg_action.xml" id="calling_SearchAdmOffOrg_action" timestamp="" />
	<entry desc="" docname="calling_Organization_action.xml" id="calling_Organization_action" timestamp="" />
	<entry desc="" docname="calling_SearchDutyStation_action.xml" id="calling_SearchDutyStation_action" timestamp="" />
	<entry desc="" docname="calling_SearchPayPlans_action.xml" id="calling_GetPayPlans_action" timestamp="" />
	<entry desc="" docname="calling_SearchSeries_action.xml" id="calling_SearchSeries_action" timestamp="" />
	<entry desc="" docname="calling_USAStaffing_action.xml" id="calling_USAStaffing_action" timestamp="" />
	<entry desc="" docname="calling_SearchClaStandard_action.xml" id="calling_Action_1_action" timestamp="" />
	<entry desc="" docname="calling_SearchCountries_action.xml" id="calling_SearchCountries_action" timestamp="" />
	<entry desc="" docname="calling_SearchNOA_action.xml" id="calling_SearchNOA_action" timestamp="" />
	<entry desc="" docname="calling_SearchLegalAuthority_action.xml" id="calling_SearchLegalAuthority_action" timestamp="" />
	<entry desc="" docname="calling_searchUSASAppointments_action.xml" id="calling_searchUSASAppointments_action" timestamp="" />
	<entry desc="" docname="calling_SearchCommon_action.xml" id="calling_Action_1_action2" timestamp="" />
</index>
