<?xml version="1.0" encoding="UTF-8"?>
<eForm xmlns="http://www.hyfinity.com/mvc" xmlns:mvc="http://www.hyfinity.com/mvc">
	<Control>
		<action>position</action>
		<Page />
		<Controller />
	</Control>
	<Data>
		<WorkitemContext xmlns="">
			<SessionInfoXML />
			<Process>
				<ID />
				<Name />
				<Description />
				<State />
				<ProcessDefinitionID />
				<ProcessDefinitionName />
				<Deadline />
				<Initiator />
				<InitiatorName />
				<CreationDateTime />
				<CompleteDateTime />
				<ProcessVariables>
					<adminCode />
					<cdcEmailDisclaimer />
					<cioAdminPOC />
					<classSpecialist />
					<classificationType />
					<hiringMethod />
					<hroSpecialist />
					<jobRequestNumber />
					<meetingDate />
					<meetingDateString />
					<orgName />
					<positionTitle />
					<requestStatus />
					<requestType />
					<selectOfficial />
					<wihmode />
				</ProcessVariables>
				<CustomAttributes>
					<CustomAttribute>
						<Name />
						<CustomAttributeValueType />
						<Value />
						<Description />
					</CustomAttribute>
					<CustomAttribute>
						<Name />
						<CustomAttributeValueType />
						<Value />
						<Description />
					</CustomAttribute>
					<CustomAttribute>
						<Name />
						<CustomAttributeValueType />
						<Value />
						<Description />
					</CustomAttribute>
				</CustomAttributes>
			</Process>
			<Activity>
				<Sequence />
				<Name />
				<Description />
				<State />
				<CreationDateTime />
				<CompleteDateTime />
				<Responses>
					<Response>
						<Name />
						<IsDefault />
						<Rule />
					</Response>
					<Response>
						<Name />
						<IsDefault />
						<Rule />
					</Response>
					<Response>
						<Name />
						<IsDefault />
						<Rule />
					</Response>
				</Responses>
				<CustomAttributes>
					<CustomAttribute>
						<Name />
						<CustomAttributeValueType />
						<Value />
						<Description />
					</CustomAttribute>
					<CustomAttribute>
						<Name />
						<CustomAttributeValueType />
						<Value />
						<Description />
					</CustomAttribute>
					<CustomAttribute>
						<Name />
						<CustomAttributeValueType />
						<Value />
						<Description />
					</CustomAttribute>
				</CustomAttributes>
			</Activity>
			<Workitem>
				<Sequence />
				<Participant />
				<ParticipantName />
				<ParticipantType />
				<State />
				<CreationDateTime />
				<StartDateTime />
				<CompleteDateTime />
				<CheckedOutUser />
				<CheckedOutUserName />
				<Deadline />
			</Workitem>
			<User>
				<LoginID />
				<MemberID />
				<Name />
				<ShortName />
				<DepartmentName />
				<EmployeeCode />
				<Email />
				<JobTitle1 />
				<JobTitle2 />
				<JobTitle3 />
				<CustomAttribute1 />
				<CustomAttribute2 />
				<CustomAttribute3 />
				<CustomAttribute4 />
				<CustomAttribute5 />
				<UserGroups>
					<UserGroup>
						<ID />
						<Name />
						<Path />
					</UserGroup>
					<UserGroup>
						<ID />
						<Name />
						<Path />
					</UserGroup>
					<UserGroup>
						<ID />
						<Name />
						<Path />
					</UserGroup>
				</UserGroups>
			</User>
			<Application>
				<Name />
				<ApplicationState />
				<CheckOutState />
				<CheckedOutUser />
				<Updatable />
				<ViewType />
			</Application>
		</WorkitemContext>
		<FORM_DATA xmlns="">
			<ID />
			<DOCUMENT>
				<POSITION />
			</DOCUMENT>
		</FORM_DATA>
		<formData>
			<positionInitComplete />
			<POS_TITLE />
			<POS_GRADE_ID />
			<POS_IS_PROMOTIONAL />
			<POS_FULL_PERF_LEVEL />
			<POS_SENSITIVITY_ID />
			<POS_SUPERVISORY_OR_NOT />
			<POS_ORG_TITLE />
			<POS_IS_BF_OR_VICE />
			<POS_NO_BF_VICE_RSN />
			<POS_DUTY_STATIONS />
			<POS_SERVICE />
			<POS_GRADE_ID_1 />
			<POS_GRADE_ID_2 />
			<POS_GRADE_ID_3 />
			<POS_GRADE_ID_4 />
			<POS_GRADE_ID_5 />
			<POS_GRADE_ID_6 />
			<POS_GRADE_ID_7 />
			<POS_GRADE_ID_8 />
			<POS_GRADE_ID_9 />
			<POS_BF_VICE_NAME />
			<POS_REMARKS />
			<POS_EMPL_OFFICE />
			<POS_PAY_PLAN_CODE />
			<POS_SERIES />
			<POS_TITLES_SERIESES />
			<POS_CAN />
		</formData>
	</Data>
</eForm>
