<?xml version="1.0" encoding="UTF-8"?>
<index desc="user 1 collection index file" id="collection_index" name="user1 collection index" xmlns="http://www.hyfinity.com/xstore">
	<entry desc="" docname="CDC/mvc/apt_staffing_approval/xsd_pool" id="CDC/mvc/apt_staffing_approval/xsd_pool" timestamp="" />
	<entry desc="" docname="CDC/mvc/apt_staffing_approval/logicsheet_pool" id="CDC/mvc/apt_staffing_approval/logicsheet_pool" timestamp="" />
	<entry desc="" docname="CDC/mvc/apt_staffing_approval/message_pool" id="CDC/mvc/apt_staffing_approval/message_pool" timestamp="" />
	<entry desc="" docname="CDC/mvc/apt_staffing_approval/other_resources_pool" id="CDC/mvc/apt_staffing_approval/other_resources_pool" timestamp="" />
	<entry desc="" docname="CDC/mvc/apt_staffing_approval/application" id="CDC/mvc/apt_staffing_approval/application" timestamp="" />
	<entry desc="" docname="CDC/mvc/apt_staffing_approval/formStructure" id="CDC/mvc/apt_staffing_approval/formStructure" timestamp="" />
	<entry desc="" docname="CDC/mvc/apt_staffing_approval/hyfinityBindings" id="CDC/mvc/apt_staffing_approval/hyfinityBindings" timestamp="" />
	<entry desc="" docname="CDC/mvc/apt_staffing_approval/xsl_pool" id="CDC/mvc/apt_staffing_approval/xsl_pool" timestamp="" />
	<entry desc="" docname="CDC/mvc/apt_staffing_approval/genDefaults" id="CDC/mvc/apt_staffing_approval/genDefaults" timestamp="" />
	<entry desc="" docname="CDC/mvc/apt_staffing_approval/L1_pattern_pool" id="CDC/mvc/apt_staffing_approval/L1_pattern_pool" timestamp="" />
	<entry desc="" docname="CDC/mvc/apt_staffing_approval/L1_pattern_instance_pool" id="CDC/mvc/apt_staffing_approval/L1_pattern_instance_pool" timestamp="" />
	<entry desc="" docname="CDC/mvc/apt_staffing_approval/L2_pattern_pool" id="CDC/mvc/apt_staffing_approval/L2_pattern_pool" timestamp="" />
	<entry desc="" docname="CDC/mvc/apt_staffing_approval/L2_pattern_instance_pool" id="CDC/mvc/apt_staffing_approval/L2_pattern_instance_pool" timestamp="" />
	<entry desc="" docname="CDC/mvc/apt_staffing_approval/L3_pattern_pool" id="CDC/mvc/apt_staffing_approval/L3_pattern_pool" timestamp="" />
	<entry desc="" docname="CDC/mvc/apt_staffing_approval/L3_pattern_instance_pool" id="CDC/mvc/apt_staffing_approval/L3_pattern_instance_pool" timestamp="" />
</index>
